Predicted Scores,Predictions,Labels
6.519865758392029e-10,False,0.0
0.0,False,0.0
0.0,False,0.0
0.0,False,0.0
2.4606830462126084e-10,False,0.0
4.379502038798222e-10,False,0.0
1.6024656046553787e-09,False,0.0
0.0,False,0.0
0.0,False,0.0
0.0,False,0.0
0.0,False,0.0
1.3664611957634423e-32,False,0.0
1.1404686628683502e-30,False,0.0
1.7631608403011908e-30,False,0.0
1.922107512552527e-17,False,0.0
8.941763485079585e-19,False,0.0
1.271899379641137e-18,False,0.0
7.291737720359073e-19,False,0.0
1.6629695283047722e-17,False,0.0
1.8345567312864446e-17,False,0.0
3.5705724184764243e-19,False,0.0
1.0159747645984822e-18,False,0.0
1.8903962202813267e-17,False,0.0
7.248391388309763e-19,False,0.0
7.221612666585297e-36,False,0.0
2.8288405558894343e-31,False,0.0
1.6090672606824065e-30,False,0.0
1.4662614178373445e-10,False,0.0
0.0,False,0.0
0.0,False,0.0
0.0,False,0.0
0.0,False,0.0
1.5874158016315419e-25,False,0.0
2.900725844043914e-29,False,0.0
2.879030845073499e-29,False,0.0
0.0,False,0.0
0.0,False,0.0
2.463500514693351e-10,False,0.0
0.05650988593697548,False,0.0
6.548499233842859e-27,False,0.0
0.0,False,0.0
0.0,False,0.0
0.0,False,0.0
3.1128057328135333e-38,False,0.0
0.0,False,0.0
0.0,False,0.0
0.0,False,0.0
0.0,False,0.0
0.0,False,0.0
2.9075922989457926e-38,False,0.0
0.0,False,0.0
0.0,False,0.0
0.0,False,0.0
0.0,False,0.0
2.8671595558364094e-30,False,0.0
3.7200481584065415e-10,False,0.0
0.8903980851173401,True,0.0
5.992985311038214e-35,False,0.0
0.8907057642936707,True,0.0
1.604444355152168e-09,False,0.0
0.870559811592102,True,0.0
0.0,False,0.0
0.06094285845756531,False,0.0
0.01832820475101471,False,0.0
0.018081653863191605,False,0.0
0.07375079393386841,False,0.0
0.06784523278474808,False,0.0
0.03352213650941849,False,0.0
2.879753262874437e-38,False,0.0
3.500916642244949e-38,False,0.0
3.107846257288595e-38,False,0.0
0.0,False,0.0
0.0,False,0.0
1.9303368625767092e-10,False,0.0
1.6888608567189323e-10,False,0.0
2.565478662841514e-10,False,0.0
0.0,False,0.0
0.0,False,0.0
0.0,False,0.0
0.0,False,0.0
0.0,False,0.0
0.0,False,0.0
0.0,False,0.0
0.0,False,0.0
0.0,False,0.0
3.7254553832341934e-38,False,0.0
1.4165716366770325e-38,False,0.0
1.4300646555121084e-37,False,0.0
2.449036153894918e-38,False,0.0
0.0,False,0.0
1.1678093699629352e-35,False,0.0
1.576899986387767e-35,False,0.0
0.0,False,0.0
0.873932957649231,True,0.0
5.749981715880689e-27,False,0.0
2.859017883549697e-11,False,0.0
8.588033756362634e-11,False,0.0
1.5881788939520192e-10,False,0.0
8.782977817256565e-11,False,0.0
8.468478002177093e-11,False,0.0
2.252447880990438e-11,False,0.0
1.1367686653107612e-10,False,0.0
7.687860070770824e-11,False,0.0
1.1546768402537211e-10,False,0.0
1.876981015058732e-09,False,0.0
0.0,False,0.0
0.0,False,0.0
0.0,False,0.0
0.0,False,0.0
0.0,False,0.0
0.0,False,0.0
0.0,False,0.0
0.0,False,0.0
0.0,False,0.0
5.33027511018247e-11,False,0.0
2.7058933219081815e-11,False,0.0
2.101074522697921e-11,False,0.0
8.393381129012667e-11,False,0.0
1.5191783941936876e-10,False,0.0
1.1941829469730436e-10,False,0.0
1.9826966457525685e-11,False,0.0
1.1524918519523197e-10,False,0.0
5.77476885754713e-11,False,0.0
2.5945831045812954e-31,False,0.0
0.03458636626601219,False,0.0
0.015762634575366974,False,0.0
0.11320751160383224,False,0.0
0.0,False,0.0
0.0,False,0.0
0.0,False,0.0
2.826586187332225e-12,False,0.0
0.0,False,0.0
0.0,False,0.0
0.0,False,0.0
5.731420020368719e-39,False,0.0
0.0,False,0.0
0.0,False,0.0
0.0,False,0.0
5.725999797908711e-39,False,0.0
0.0,False,0.0
0.0,False,0.0
0.0,False,0.0
0.0,False,0.0
0.0,False,0.0
1.1099000679030274e-13,False,0.0
9.455331212004231e-14,False,0.0
0.0,False,0.0
0.0,False,0.0
5.5163693057913576e-11,False,0.0
3.8160610782433935e-10,False,0.0
3.748202304088011e-10,False,0.0
3.748180932294787e-10,False,0.0
1.8238007133165868e-13,False,0.0
3.2736269250932537e-10,False,0.0
3.273583071283781e-10,False,0.0
0.0,False,0.0
0.0,False,0.0
0.0,False,0.0
0.0,False,0.0
0.0,False,0.0
0.0,False,0.0
0.0,False,0.0
0.0,False,0.0
0.8998334407806396,True,0.0
0.8691515326499939,True,0.0
0.6520134210586548,True,0.0
0.0,False,0.0
0.0,False,0.0
0.05370187759399414,False,0.0
0.0935426726937294,False,0.0
0.03324274346232414,False,0.0
0.0,False,0.0
0.0,False,0.0
0.0,False,0.0
1.5741452983499858e-30,False,0.0
4.754978562776766e-31,False,0.0
1.8271135634379033e-30,False,0.0
1.521389864201466e-30,False,0.0
2.0230013274826597e-30,False,0.0
1.9478330716854296e-30,False,0.0
5.395336633551052e-31,False,0.0
0.0,False,0.0
0.0,False,0.0
2.668610030301642e-34,False,0.0
1.913494959029963e-34,False,0.0
1.1121923269915765e-33,False,0.0
1.2755727256089315e-33,False,0.0
1.1502757725643262e-33,False,0.0
6.961461675739383e-34,False,0.0
2.5428525681615522e-34,False,0.0
3.906784403139162e-34,False,0.0
5.670415036369815e-33,False,0.0
5.192519644752937e-33,False,0.0
7.353554704118369e-34,False,0.0
4.4039202782546934e-36,False,0.0
1.826026466262263e-30,False,0.0
0.0,False,0.0
0.0,False,0.0
0.8906159400939941,True,0.0
0.893746554851532,True,0.0
0.8915857076644897,True,0.0
0.8733201026916504,True,0.0
0.8607782125473022,True,0.0
0.8817837238311768,True,0.0
0.0,False,0.0
7.099051560412931e-37,False,0.0
1.894426604308435e-37,False,0.0
0.12830333411693573,False,0.0
2.3525814629721253e-10,False,0.0
3.094336619053732e-38,False,0.0
1.7500334474280913e-38,False,0.0
0.8917550444602966,True,0.0
0.8917548060417175,True,1.0
0.7465492486953735,True,0.0
0.0020673759281635284,False,0.0
4.4476267568446654e-30,False,0.0
2.0013709148738567e-30,False,0.0
0.0,False,0.0
0.0,False,0.0
0.0,False,0.0
0.0,False,0.0
0.8543449640274048,True,0.0
9.639615772272236e-10,False,0.0
6.919843170694051e-11,False,0.0
1.124148760189847e-10,False,0.0
2.2598076188096172e-10,False,0.0
4.174635120984841e-31,False,0.0
0.8866782784461975,True,0.0
0.0,False,0.0
0.0,False,0.0
0.0,False,0.0
0.0,False,0.0
0.0,False,0.0
0.15363602340221405,False,0.0
0.015346422791481018,False,0.0
0.01530516892671585,False,0.0
0.10453540086746216,False,0.0
0.1094268187880516,False,0.0
0.05433399975299835,False,0.0
0.0,False,0.0
0.0,False,0.0
0.0,False,0.0
0.0,False,0.0
2.9548249152551975e-29,False,0.0
2.8600591937992505e-30,False,0.0
6.105120058961739e-30,False,0.0
5.8323952132997774e-30,False,0.0
0.0,False,0.0
0.0,False,0.0
0.0,False,0.0
0.0,False,0.0
0.0,False,0.0
0.0,False,0.0
0.0,False,0.0
0.0,False,0.0
0.0,False,0.0
0.0,False,0.0
0.0,False,0.0
0.0,False,0.0
0.0,False,0.0
6.053016055570581e-29,False,0.0
2.5053558987324115e-29,False,0.0
9.314828075535075e-11,False,0.0
1.389802023465947e-10,False,0.0
1.3885778638034196e-10,False,0.0
3.86249476846956e-10,False,0.0
6.617761894034402e-11,False,0.0
0.0,False,0.0
0.0,False,0.0
3.217603310765699e-29,False,0.0
0.001487627043388784,False,0.0
0.0,False,0.0
0.0,False,0.0
5.353501460922764e-35,False,0.0
4.148446842309809e-36,False,0.0
3.49685399249755e-26,False,0.0
4.92934429161709e-25,False,0.0
2.744514142440844e-25,False,0.0
2.465755781847334e-26,False,0.0
4.0778959017329414e-25,False,0.0
3.962748690746297e-30,False,0.0
0.0,False,0.0
2.834836098503102e-12,False,0.0
2.8388118136594975e-13,False,0.0
0.0,False,0.0
3.5084933886350534e-25,False,0.0
3.637264084574937e-25,False,0.0
5.1623427416212335e-25,False,0.0
3.2733830100762132e-25,False,0.0
3.7835558742578446e-25,False,0.0
3.1084595584071495e-25,False,0.0
5.749943536245472e-25,False,0.0
1.5930512267232145e-25,False,0.0
8.720779653970112e-11,False,0.0
1.309086727907527e-10,False,0.0
5.285489823592115e-10,False,0.0
0.0,False,0.0
0.0,False,0.0
9.55011934766237e-30,False,0.0
1.758606504988365e-30,False,0.0
9.591334248472257e-31,False,0.0
1.0464170777404147e-30,False,0.0
7.481087730271567e-31,False,0.0
1.0976401374532026e-30,False,0.0
9.396926290755863e-31,False,0.0
1.0209609482371996e-30,False,0.0
1.5443413819973164e-29,False,0.0
0.6355846524238586,True,0.0
5.509083167682438e-37,False,0.0
0.0,False,0.0
7.559009822286433e-36,False,0.0
7.815875139969962e-36,False,0.0
1.1617931405138476e-35,False,0.0
1.7300633703730275e-35,False,0.0
1.8005030044426326e-30,False,0.0
2.915625241239894e-10,False,0.0
2.395616760519914e-10,False,0.0
0.0,False,0.0
0.0,False,0.0
0.0,False,0.0
0.0,False,0.0
0.0,False,0.0
0.0,False,0.0
0.0,False,0.0
0.0,False,0.0
0.0,False,0.0
0.0,False,0.0
0.0,False,0.0
0.0,False,0.0
0.0,False,0.0
0.0,False,0.0
0.0,False,0.0
9.248913462927245e-38,False,0.0
0.0,False,0.0
0.0,False,0.0
0.0,False,0.0
0.0,False,0.0
0.0,False,0.0
0.0,False,0.0
0.0,False,0.0
0.0,False,0.0
0.0,False,0.0
1.4281250816411235e-28,False,0.0
0.915520429611206,True,0.0
0.8851677179336548,True,0.0
0.6122187376022339,True,0.0
0.911278486251831,True,0.0
4.622167991234771e-13,False,0.0
2.454328761014064e-31,False,0.0
8.85423816480044e-31,False,0.0
1.98660590649137e-31,False,0.0
7.216899640223877e-37,False,0.0
7.081818279794787e-38,False,0.0
8.003936120114982e-37,False,0.0
1.0061769419852128e-28,False,0.0
1.9622960758208848e-28,False,0.0
2.0574731262600715e-28,False,0.0
0.008215228095650673,False,0.0
0.0032536275684833527,False,0.0
0.002152976579964161,False,0.0
0.0,False,0.0
0.0,False,0.0
0.0,False,0.0
0.0,False,0.0
0.0,False,0.0
0.0,False,0.0
0.0,False,0.0
0.0,False,0.0
1.861851847725042e-28,False,0.0
0.0,False,0.0
5.628832090102259e-14,False,0.0
0.0,False,0.0
0.0,False,0.0
2.360829752270563e-29,False,0.0
0.02385689504444599,False,0.0
0.06489641964435577,False,0.0
0.06958763301372528,False,0.0
0.6537384390830994,True,0.0
0.4893282353878021,True,0.0
0.0,False,0.0
0.0,False,0.0
0.0,False,0.0
0.0,False,0.0
0.0,False,0.0
4.836414406190624e-19,False,0.0
2.862711803719442e-11,False,0.0
0.863325834274292,True,0.0
0.9007323980331421,True,0.0
0.8909503221511841,True,0.0
8.852588146890077e-30,False,0.0
1.0368534249733111e-29,False,0.0
1.8171386881578317e-38,False,0.0
0.0,False,0.0
0.0,False,0.0
1.6759561863189492e-38,False,0.0
0.0,False,0.0
7.12884109184275e-39,False,0.0
7.660559849419572e-34,False,0.0
8.677533162109335e-35,False,0.0
2.923614244258344e-34,False,0.0
4.154912893498516e-34,False,0.0
5.66476926557251e-34,False,0.0
0.0,False,0.0
8.665832783139299e-18,False,0.0
1.9174855168027952e-18,False,0.0
3.4201118839682085e-19,False,0.0
6.591876809535546e-29,False,0.0
3.2960936828695394e-29,False,0.0
2.4797031137262811e-29,False,0.0
8.954206530213578e-30,False,0.0
0.0,False,0.0
0.0,False,0.0
0.0029934379272162914,False,0.0
0.004105495288968086,False,0.0
0.852622926235199,True,0.0
0.8774401545524597,True,0.0
3.8106857868645268e-25,False,0.0
0.0,False,0.0
0.08135232329368591,False,0.0
0.042555760592222214,False,0.0
1.02130222133363e-18,False,0.0
0.06314962357282639,False,0.0
0.015344131737947464,False,0.0
0.0523323193192482,False,0.0
0.031725406646728516,False,0.0
0.10729596763849258,False,0.0
0.07443463057279587,False,0.0
0.08648606389760971,False,0.0
2.1233365725187936e-19,False,0.0
0.8328887224197388,True,0.0
0.8729186058044434,True,0.0
0.8547229766845703,True,0.0
2.3472394624126273e-32,False,0.0
2.0468927211906648e-32,False,0.0
9.820590174403065e-11,False,0.0
1.5617830639858e-10,False,0.0
1.5459182545196626e-10,False,0.0
4.689018964776359e-11,False,0.0
5.822714532754958e-11,False,0.0
0.0,False,0.0
2.0019753910194282e-10,False,0.0
0.001297317212447524,False,0.0
0.7490693926811218,True,0.0
2.816541722072685e-10,False,0.0
0.012290872633457184,False,0.0
0.060538459569215775,False,0.0
1.4454591242593958e-38,False,0.0
0.0,False,0.0
0.0,False,0.0
6.67218762336573e-14,False,0.0
0.0,False,0.0
0.0,False,0.0
0.0,False,0.0
0.0,False,0.0
0.0,False,0.0
1.657551040867844e-10,False,0.0
1.9192461508943381e-10,False,0.0
0.0,False,0.0
0.0,False,0.0
0.0,False,0.0
2.3778069790925116e-11,False,0.0
3.1622682250542766e-10,False,0.0
0.0,False,0.0
0.0,False,0.0
0.0,False,0.0
0.0,False,0.0
0.0,False,0.0
0.0,False,0.0
0.0,False,0.0
0.0,False,0.0
0.0,False,0.0
0.0,False,0.0
0.004822217393666506,False,0.0
0.0041090743616223335,False,0.0
0.004168246872723103,False,0.0
0.0054506706073880196,False,0.0
0.003475174307823181,False,0.0
0.003670884994789958,False,0.0
8.933463691018773e-11,False,0.0
0.0,False,0.0
0.0,False,0.0
2.483314072121478e-18,False,0.0
0.0,False,0.0
0.0,False,0.0
0.0,False,0.0
0.0,False,0.0
0.0,False,0.0
0.03038438968360424,False,0.0
0.02542049065232277,False,0.0
0.01547978725284338,False,0.0
0.021173888817429543,False,0.0
0.06327348202466965,False,0.0
0.05929785966873169,False,0.0
0.10500262677669525,False,0.0
0.1024177223443985,False,0.0
0.08185828477144241,False,0.0
0.0,False,0.0
0.0,False,0.0
0.0,False,0.0
0.0,False,0.0
0.0,False,0.0
2.9338408834800246e-31,False,0.0
4.3577244786960366e-31,False,0.0
0.018829235807061195,False,0.0
0.0,False,0.0
0.0,False,0.0
0.0,False,0.0
0.0,False,0.0
1.436207436356844e-25,False,0.0
1.436136069096825e-25,False,0.0
3.065710692915157e-26,False,0.0
1.6788646412953488e-19,False,0.0
0.8762243986129761,True,0.0
1.00269938185793e-10,False,0.0
2.4724775005147137e-10,False,0.0
9.914959131496204e-11,False,0.0
8.479209695488876e-11,False,0.0
3.7004665998097153e-10,False,0.0
1.3046423663620743e-10,False,0.0
0.0,False,0.0
0.0,False,0.0
0.0,False,0.0
4.038711379217297e-11,False,0.0
1.0789778792652527e-10,False,0.0
8.399980017115283e-11,False,0.0
7.80280701162539e-11,False,0.0
1.7906545690671294e-10,False,0.0
1.681731148643151e-25,False,0.0
5.013033152244887e-38,False,0.0
3.07431767098605e-34,False,0.0
1.1793252485681194e-10,False,0.0
1.2291094531047264e-10,False,0.0
0.758561372756958,True,0.0
0.8684406876564026,True,0.0
0.8706765174865723,True,0.0
0.7523261308670044,True,0.0
0.705378532409668,True,0.0
0.8733024597167969,True,0.0
0.8965116739273071,True,0.0
0.7911998629570007,True,0.0
0.894538402557373,True,0.0
0.8782549500465393,True,0.0
0.8454950451850891,True,0.0
0.897676944732666,True,0.0
0.8868869543075562,True,0.0
0.9014918804168701,True,0.0
4.880376658356056e-11,False,0.0
0.0,False,0.0
1.9837795295352123e-10,False,0.0
3.214285781982795e-10,False,0.0
1.3052157948084109e-31,False,0.0
0.0,False,0.0
0.0,False,0.0
0.0,False,0.0
0.0,False,0.0
1.4107181172615199e-34,False,0.0
1.6430169231481202e-34,False,0.0
3.8548225018805285e-34,False,0.0
0.0,False,0.0
0.0,False,0.0
0.0,False,0.0
0.8787580728530884,True,0.0
0.0,False,0.0
0.0,False,0.0
0.5880628824234009,True,0.0
0.8762959837913513,True,0.0
0.0,False,0.0
0.593285083770752,True,0.0
5.263001256466234e-38,False,0.0
1.6895262205176243e-38,False,0.0
0.0,False,0.0
1.3790081273071242e-13,False,0.0
5.051316895147984e-13,False,0.0
8.255006921087382e-13,False,0.0
4.990144582273093e-13,False,0.0
8.393148372490278e-13,False,0.0
7.095496607802121e-13,False,0.0
5.254653049485691e-13,False,0.0
4.52406043400036e-13,False,0.0
2.0572808051306374e-13,False,0.0
1.0990176596472473e-13,False,0.0
3.463724397361964e-14,False,0.0
9.14631258642877e-14,False,0.0
8.1591709029296e-14,False,0.0
5.334040568722061e-14,False,0.0
4.8098867553789115e-14,False,0.0
1.9734699443184345e-13,False,0.0
6.962957229024458e-13,False,0.0
7.990183493143677e-13,False,0.0
2.190678194402551e-13,False,0.0
1.860882596019936e-13,False,0.0
2.872285742583358e-13,False,0.0
5.1347377819912707e-14,False,0.0
2.189379184674642e-13,False,0.0
2.1858574249678658e-13,False,0.0
4.006788661709698e-13,False,0.0
2.1861328123196772e-13,False,0.0
3.8906969009391834e-13,False,0.0
0.060715578496456146,False,0.0
4.048291311008721e-14,False,0.0
0.848422110080719,True,0.0
0.0,False,0.0
0.0,False,0.0
0.0,False,0.0
0.0,False,0.0
0.0,False,0.0
0.0,False,0.0
0.0,False,0.0
0.0,False,0.0
0.0,False,0.0
0.8992226719856262,True,0.0
0.8844673037528992,True,0.0
0.8919124603271484,True,0.0
0.8741917610168457,True,0.0
0.9080680012702942,True,0.0
0.873190701007843,True,0.0
1.1192962529049666e-10,False,0.0
1.692976869804852e-09,False,0.0
1.174064456765933e-10,False,0.0
1.3762511963388846e-10,False,0.0
3.876007570458029e-10,False,0.0
0.0,False,0.0
0.0,False,0.0
4.785158781466693e-34,False,0.0
0.0,False,0.0
9.09328335868173e-35,False,0.0
0.0,False,0.0
0.8962910175323486,True,0.0
0.0,False,0.0
1.4224563193998563e-10,False,0.0
2.0590043003920755e-09,False,0.0
0.0,False,0.0
0.07841385900974274,False,0.0
1.7815705101467999e-38,False,0.0
1.82581006318492e-38,False,0.0
0.0,False,0.0
0.0,False,0.0
9.51028653580483e-35,False,0.0
9.640835285368223e-35,False,0.0
2.7917732544696384e-36,False,0.0
3.955245764872994e-36,False,0.0
4.111894879909301e-36,False,0.0
0.0,False,0.0
0.0,False,0.0
0.0,False,0.0
0.0,False,0.0
0.0,False,0.0
0.0,False,0.0
0.0,False,0.0
0.0,False,0.0
0.0,False,0.0
0.8786200881004333,True,0.0
0.0011139027774333954,False,0.0
0.031150521710515022,False,0.0
0.07859057188034058,False,0.0
0.0,False,0.0
0.0,False,0.0
0.0,False,0.0
0.0,False,0.0
5.000285727104191e-34,False,0.0
0.0,False,0.0
0.0023841485381126404,False,0.0
0.0,False,0.0
0.0,False,0.0
0.0,False,0.0
0.0,False,0.0
0.0,False,0.0
1.7365440746556422e-19,False,0.0
1.0127747130012442e-18,False,0.0
1.4204533804489e-28,False,0.0
2.471072239236442e-29,False,0.0
1.0736915523335e-10,False,0.0
6.392536042834702e-19,False,0.0
0.0,False,0.0
0.0,False,0.0
0.0,False,0.0
0.0,False,0.0
9.2142300733844e-11,False,0.0
3.1069480321832543e-10,False,0.0
9.211295615152437e-11,False,0.0
0.0,False,0.0
0.0,False,0.0
0.09323831647634506,False,0.0
0.03577229753136635,False,0.0
0.0,False,0.0
0.0,False,0.0
6.34837720173262e-35,False,0.0
4.529663520242175e-36,False,0.0
1.8600017359649001e-10,False,0.0
1.1845423530942867e-09,False,0.0
1.2825744556388636e-18,False,0.0
5.816807996740138e-19,False,0.0
6.63599028975766e-18,False,0.0
0.003082532901316881,False,0.0
0.008515323512256145,False,0.0
0.0032913177274167538,False,0.0
0.001890804385766387,False,0.0
4.627004852591151e-38,False,0.0
4.97910939798174e-38,False,0.0
4.962612191420937e-38,False,0.0
9.306581056030131e-35,False,0.0
0.0,False,0.0
0.0010974062606692314,False,0.0
0.0031275306828320026,False,0.0
0.8957054018974304,True,0.0
0.0028474158607423306,False,0.0
0.000792240840382874,False,0.0
0.00240312865935266,False,0.0
8.796489925355644e-11,False,0.0
1.3034036350223488e-10,False,0.0
0.0,False,0.0
0.0,False,0.0
0.0,False,0.0
0.0,False,0.0
0.0,False,0.0
0.0,False,0.0
0.0024698961060494184,False,0.0
0.0,False,0.0
0.0,False,0.0
0.0,False,0.0
0.0,False,0.0
0.0,False,0.0
2.2456609462319303e-19,False,0.0
0.0,False,0.0
2.94993477412291e-38,False,0.0
8.602921561651578e-18,False,0.0
1.9563107122684377e-19,False,0.0
5.846037974648347e-19,False,0.0
0.0,False,0.0
6.8679321471078355e-18,False,0.0
0.004145422950387001,False,0.0
6.310887368243812e-10,False,0.0
1.927037862614611e-09,False,0.0
1.8878776038115663e-13,False,0.0
7.608408261056132e-13,False,0.0
0.00833036843687296,False,0.0
0.8762717247009277,True,0.0
0.0,False,0.0
0.0,False,0.0
0.0,False,0.0
0.001658076187595725,False,0.0
0.0,False,0.0
0.0,False,0.0
7.232816818146308e-18,False,0.0
0.0,False,0.0
0.0,False,0.0
0.0,False,0.0
7.984006511474462e-11,False,0.0
1.1609595923500748e-10,False,0.0
0.06252699345350266,False,0.0
0.018767090514302254,False,0.0
0.08618036657571793,False,0.0
1.1128240863285213e-34,False,0.0
6.106460476162923e-11,False,0.0
0.0,False,0.0
0.0,False,0.0
0.0,False,0.0
0.0,False,0.0
0.0027137245051562786,False,0.0
0.0,False,0.0
5.149475384672037e-19,False,0.0
6.530514421899492e-19,False,0.0
0.0,False,0.0
0.0,False,0.0
3.539817566509003e-32,False,0.0
4.1105859015168695e-32,False,0.0
1.2032050873065875e-32,False,0.0
3.095668487120722e-32,False,0.0
2.1556576869891986e-32,False,0.0
1.873853928341076e-32,False,0.0
4.0265612714465047e-32,False,0.0
7.004698837521023e-33,False,0.0
1.0556815144280307e-10,False,0.0
0.0,False,0.0
0.0,False,0.0
4.9598813825577764e-14,False,0.0
0.0,False,0.0
0.0010557444766163826,False,0.0
2.3107009504056972e-38,False,0.0
1.2675549498908367e-10,False,0.0
7.357145993320938e-19,False,0.0
7.357174427654494e-19,False,0.0
0.8654428720474243,True,0.0
3.6806513392662055e-10,False,0.0
9.244124909990603e-10,False,0.0
0.0,False,0.0
0.0,False,0.0
0.0,False,0.0
1.9570969289617324e-09,False,0.0
0.019526097923517227,False,0.0
0.03080102987587452,False,0.0
0.06620382517576218,False,0.0
0.02574111893773079,False,0.0
0.025740785524249077,False,0.0
0.03975941613316536,False,0.0
0.03201545029878616,False,0.0
0.01756173186004162,False,0.0
0.09471159428358078,False,0.0
0.10344092547893524,False,0.0
0.007810473907738924,False,0.0
0.022171156480908394,False,0.0
0.05514008179306984,False,0.0
0.07377374917268753,False,0.0
0.13958795368671417,False,0.0
0.0078084454871714115,False,0.0
0.001840221113525331,False,0.0
0.002565103117376566,False,0.0
0.0032471795566380024,False,0.0
0.0,False,0.0
0.0,False,0.0
0.0,False,0.0
0.0,False,0.0
0.0,False,0.0
0.0,False,0.0
0.0,False,0.0
0.0,False,0.0
0.0,False,0.0
0.0,False,0.0
0.0,False,0.0
0.0,False,0.0
0.028670284897089005,False,0.0
0.015369115397334099,False,0.0
0.012859830632805824,False,0.0
0.0486999936401844,False,0.0
0.0,False,0.0
0.0,False,0.0
0.0,False,0.0
2.372530762043151e-36,False,0.0
1.6523681012430002e-36,False,0.0
0.6487552523612976,True,0.0
0.002109561348333955,False,0.0
0.0025162461679428816,False,0.0
0.0,False,0.0
0.0,False,0.0
0.0,False,0.0
0.0,False,0.0
0.0,False,0.0
0.0,False,0.0
0.0567290261387825,False,0.0
0.0,False,0.0
0.0,False,0.0
0.0,False,0.0
0.0,False,0.0
0.0,False,0.0
0.0,False,0.0
0.0,False,0.0
0.0,False,0.0
0.0,False,0.0
2.3375457482485713e-31,False,0.0
2.192923972970295e-31,False,0.0
1.9226219857345869e-31,False,0.0
1.4421449917341352e-36,False,0.0
0.0,False,0.0
0.0,False,0.0
0.0,False,0.0
0.0,False,0.0
0.0,False,0.0
0.0011180657893419266,False,0.0
0.0019464208744466305,False,0.0
0.0,False,0.0
0.0,False,0.0
0.0,False,0.0
0.0,False,0.0
0.001748967682942748,False,0.0
0.01580674760043621,False,0.0
0.0020922189578413963,False,0.0
0.0015680373180657625,False,0.0
0.002795159351080656,False,0.0
0.0,False,0.0
0.002341249492019415,False,0.0
2.0608218548878215e-18,False,0.0
1.998209659191539e-18,False,0.0
0.30579501390457153,True,0.0
0.0008576243999414146,False,0.0
0.002107765292748809,False,0.0
0.0,False,0.0
1.914716829531926e-09,False,0.0
0.0,False,0.0
0.0,False,0.0
0.0,False,0.0
0.0,False,0.0
0.0,False,0.0
5.160198918266744e-39,False,0.0
4.096249046243483e-39,False,0.0
0.0,False,0.0
0.0,False,0.0
0.0,False,0.0
0.0,False,0.0
0.0,False,0.0
3.474171394022211e-18,False,0.0
2.695134154913348e-14,False,0.0
1.30210429030476e-36,False,0.0
0.0,False,0.0
0.0,False,0.0
0.0,False,0.0
4.1082439884581327e-35,False,0.0
6.104762284879148e-14,False,0.0
0.30951130390167236,True,0.0
0.0,False,0.0
0.0,False,0.0
0.0,False,0.0
0.0,False,0.0
7.002241319643836e-33,False,0.0
0.0,False,0.0
0.0,False,0.0
0.0,False,0.0
5.2505055978001565e-39,False,0.0
0.0,False,0.0
0.0,False,0.0
0.6290368437767029,True,0.0
0.0,False,0.0
0.0,False,0.0
0.0,False,0.0
0.0,False,0.0
0.0,False,0.0
4.884644355662715e-10,False,0.0
0.0,False,0.0
0.0,False,0.0
7.367145782311013e-11,False,0.0
1.254131104522216e-10,False,0.0
4.4090949641306665e-11,False,0.0
0.014616817235946655,False,0.0
0.0,False,0.0
0.0021286325063556433,False,0.0
0.0011804309906437993,False,0.0
0.0019847587682306767,False,0.0
9.147949064924887e-11,False,0.0
2.939339049934375e-10,False,0.0
6.229231019894144e-10,False,0.0
0.0,False,0.0
8.224996378425331e-11,False,0.0
7.36676691870386e-11,False,0.0
7.27067225869682e-11,False,0.0
1.3423712516669184e-05,False,0.0
0.6658301949501038,True,0.0
1.1669149639768378e-34,False,0.0
1.555589186422602e-34,False,0.0
6.493175376468627e-35,False,0.0
4.281374059477212e-36,False,0.0
4.210162735108346e-35,False,0.0
0.0017781773349270225,False,0.0
0.616932213306427,True,0.0
0.6569891571998596,True,0.0
0.0028500910848379135,False,0.0
0.00875423476099968,False,0.0
4.0721983077252055e-14,False,0.0
1.3006831326385987e-38,False,0.0
0.0,False,0.0
0.0,False,0.0
7.755505265771845e-11,False,0.0
7.272391716606208e-11,False,0.0
7.965115372821074e-11,False,0.0
8.428738956789417e-11,False,0.0
0.3093266189098358,True,0.0
9.204343376181198e-33,False,0.0
1.0039051629124535e-32,False,0.0
0.0,False,0.0
0.0,False,0.0
0.5517498254776001,True,0.0
0.8700889945030212,True,0.0
0.6470270156860352,True,0.0
0.0,False,0.0
1.355379909097906e-36,False,0.0
1.0474088014574077e-35,False,0.0
0.011095130816102028,False,0.0
0.07641089707612991,False,0.0
0.06625322252511978,False,0.0
0.0668448880314827,False,0.0
0.04359306022524834,False,0.0
0.0,False,0.0
0.0,False,0.0
0.0,False,0.0
0.0,False,0.0
0.00048771509318612516,False,0.0
0.0010079742642119527,False,0.0
6.300507893186591e-10,False,0.0
3.634525361302298e-36,False,0.0
4.230977896030887e-36,False,0.0
0.0,False,0.0
0.0,False,0.0
0.0,False,0.0
0.0,False,0.0
0.0,False,0.0
0.0,False,0.0
0.0,False,0.0
9.377076198857637e-11,False,0.0
3.9246672578485686e-10,False,0.0
6.263316532084673e-10,False,0.0
0.0019840525928884745,False,0.0
0.0,False,0.0
9.607993111553858e-39,False,0.0
0.016483349725604057,False,0.0
3.789376867846528e-10,False,0.0
3.7964886789865204e-10,False,0.0
1.4588076580057674e-10,False,0.0
9.183893229236517e-11,False,0.0
8.74746802770332e-11,False,0.0
7.585623101880046e-11,False,0.0
6.403862162773777e-11,False,0.0
7.726064926716347e-11,False,0.0
6.402738755850734e-11,False,0.0
6.414864472947812e-11,False,0.0
0.0013217013329267502,False,0.0
0.0014399188803508878,False,0.0
0.0,False,0.0
0.0,False,0.0
9.137206963272249e-11,False,0.0
4.0407474588555203e-10,False,0.0
1.0259178923055501e-10,False,0.0
0.0,False,0.0
0.0,False,0.0
0.0012675757752731442,False,0.0
0.0012704881373792887,False,0.0
2.3509235792575395e-31,False,0.0
0.0,False,0.0
0.0,False,0.0
0.0,False,0.0
0.001495047239586711,False,0.0
0.0,False,0.0
0.0,False,0.0
0.0014495564391836524,False,0.0
0.0009646693360991776,False,0.0
0.0,False,0.0
0.0,False,0.0
0.0,False,0.0
0.0,False,0.0
0.0,False,0.0
0.0,False,0.0
0.0,False,0.0
0.0,False,0.0
0.0,False,0.0
0.0,False,0.0
0.0,False,0.0
0.0,False,0.0
0.0,False,0.0
0.0,False,0.0
0.0015836970414966345,False,0.0
0.0,False,0.0
0.004353683907538652,False,0.0
9.499812697468011e-34,False,0.0
7.145082273326849e-35,False,0.0
0.0,False,0.0
0.0,False,0.0
0.0,False,0.0
0.0,False,0.0
0.8505726456642151,True,0.0
1.0001131867110047e-10,False,0.0
3.618767230317843e-10,False,0.0
0.0,False,0.0
0.0008118814439512789,False,0.0
0.0,False,0.0
0.0,False,0.0
4.478829251919336e-10,False,0.0
5.455461429826336e-11,False,0.0
7.986138833571133e-11,False,0.0
0.0,False,0.0
0.0,False,0.0
0.0,False,0.0
0.0,False,0.0
0.0,False,0.0
0.844404399394989,True,0.0
0.0,False,0.0
0.0,False,0.0
0.0,False,0.0
0.0,False,0.0
4.386928794489166e-39,False,0.0
8.529112404393216e-39,False,0.0
0.0,False,0.0
0.0,False,0.0
5.734322738870645e-11,False,0.0
1.7932828833000514e-10,False,0.0
2.0904945829958166e-10,False,0.0
8.224792374944556e-11,False,0.0
7.401244200844204e-11,False,0.0
3.401371961864186e-10,False,0.0
0.0022244236897677183,False,0.0
0.04090656712651253,False,0.0
0.0,False,0.0
0.0011533177457749844,False,0.0
7.42051556431861e-32,False,0.0
0.001800684374757111,False,0.0
0.001483238535001874,False,0.0
0.6617186069488525,True,0.0
0.0011724756332114339,False,0.0
0.0,False,0.0
0.0,False,0.0
0.002076568780466914,False,0.0
0.002180107170715928,False,0.0
0.0,False,0.0
0.0,False,0.0
2.6579138889815113e-10,False,0.0
0.0,False,0.0
0.0,False,0.0
6.543703266454754e-35,False,0.0
0.0,False,0.0
1.1037274427749821e-09,False,0.0
7.786542938204022e-11,False,0.0
8.203140944296194e-11,False,0.0
4.423889310434248e-10,False,0.0
0.0,False,0.0
0.0,False,0.0
0.0,False,0.0
0.0,False,0.0
6.910663014059182e-11,False,0.0
1.0882829359903923e-10,False,0.0
4.861939340356394e-35,False,0.0
8.650481666985317e-39,False,0.0
8.648830937394343e-39,False,0.0
8.621753647168194e-39,False,0.0
0.0,False,0.0
0.0,False,0.0
0.0,False,0.0
0.0,False,0.0
0.0,False,0.0
0.0,False,0.0
0.0,False,0.0
0.0,False,0.0
0.0,False,0.0
0.0,False,0.0
0.0,False,0.0
0.0,False,0.0
0.0009245754336006939,False,0.0
0.0,False,0.0
0.0,False,0.0
0.0,False,0.0
0.0,False,0.0
0.0,False,0.0
0.0,False,0.0
0.0,False,0.0
0.0004740709555335343,False,0.0
0.0015372891211882234,False,0.0
0.0,False,0.0
4.0574316774832213e-39,False,0.0
0.0,False,0.0
4.06640887629095e-10,False,0.0
4.0407492192654344e-39,False,0.0
1.4760838015479825e-38,False,0.0
0.0,False,0.0
1.312717298878823e-36,False,0.0
1.3182474279799853e-36,False,0.0
1.8093100714297278e-29,False,0.0
4.2003461270036535e-27,False,0.0
1.3113459545704715e-36,False,0.0
6.610883929170086e-08,False,0.0
3.2126248411071284e-36,False,0.0
2.7960149064484356e-36,False,0.0
1.331417570833299e-36,False,0.0
2.097043704194627e-29,False,0.0
0.0,False,0.0
0.0,False,0.0
0.0,False,0.0
0.0,False,0.0
1.3216396913024228e-38,False,0.0
1.4695751282545189e-08,False,0.0
4.433505754232983e-27,False,0.0
4.987007235042186e-27,False,0.0
4.4228973469133094e-27,False,0.0
4.4207722758126725e-27,False,0.0
4.4228973469133094e-27,False,0.0
4.4228973469133094e-27,False,0.0
1.8430629566700863e-27,False,0.0
8.106264173015153e-28,False,0.0
4.4228973469133094e-27,False,0.0
3.373284016149732e-27,False,0.0
8.106264173015153e-28,False,0.0
3.250074959073492e-27,False,0.0
1.845785836425461e-27,False,0.0
4.42953333112969e-27,False,0.0
8.118983977332858e-28,False,0.0
8.129892444537868e-28,False,0.0
8.158288355637913e-28,False,0.0
8.158288355637913e-28,False,0.0
8.158288355637913e-28,False,0.0
2.455436396427002e-29,False,0.0
8.147061147027108e-28,False,0.0
8.158288355637913e-28,False,0.0
8.127256809408974e-28,False,0.0
7.6563173453102265e-28,False,0.0
0.0,False,0.0
0.0,False,0.0
0.0,False,0.0
0.0,False,0.0
1.325213983295376e-38,False,0.0
1.3249512398333152e-38,False,0.0
1.3144899862777447e-38,False,0.0
1.324617730798806e-38,False,0.0
1.213779032838147e-08,False,0.0
6.277671271703866e-09,False,0.0
2.6130139829660948e-08,False,0.0
2.613018779129561e-08,False,0.0
5.784444923051524e-08,False,0.0
5.784444923051524e-08,False,0.0
2.6130139829660948e-08,False,0.0
2.613018779129561e-08,False,0.0
2.613018779129561e-08,False,0.0
1.34950011235202e-11,False,0.0
2.613018779129561e-08,False,0.0
2.613018779129561e-08,False,0.0
2.613018779129561e-08,False,0.0
1.2637132229542658e-08,False,0.0
2.613018779129561e-08,False,0.0
2.613018779129561e-08,False,0.0
2.613018779129561e-08,False,0.0
2.613018779129561e-08,False,0.0
1.34950011235202e-11,False,0.0
5.5577000779294394e-09,False,0.0
2.613018779129561e-08,False,0.0
1.2732748189137055e-08,False,0.0
1.2688479600342362e-08,False,0.0
2.1133126892891596e-07,False,0.0
1.2209539157481686e-08,False,0.0
2.613018779129561e-08,False,0.0
2.613018779129561e-08,False,0.0
2.6130139829660948e-08,False,0.0
1.2637132229542658e-08,False,0.0
1.2263335236184503e-08,False,0.0
2.613018779129561e-08,False,0.0
1.2637132229542658e-08,False,0.0
2.584473435263135e-08,False,0.0
6.51827713405639e-39,False,0.0
2.613018779129561e-08,False,0.0
5.784444923051524e-08,False,0.0
2.6834523936258847e-08,False,0.0
2.613018779129561e-08,False,0.0
3.8142893288295454e-08,False,0.0
2.613018779129561e-08,False,0.0
2.613018779129561e-08,False,0.0
2.613018779129561e-08,False,0.0
2.613018779129561e-08,False,0.0
1.2701143248250446e-08,False,0.0
2.613018779129561e-08,False,0.0
2.6130139829660948e-08,False,0.0
2.613018779129561e-08,False,0.0
2.6130139829660948e-08,False,0.0
2.613018779129561e-08,False,0.0
1.217721123936144e-08,False,0.0
1.2637132229542658e-08,False,0.0
2.588489067534283e-08,False,0.0
2.5838177819537123e-08,False,0.0
1.2637132229542658e-08,False,0.0
7.548080560582093e-08,False,0.0
7.548080560582093e-08,False,0.0
2.6130139829660948e-08,False,0.0
2.613018779129561e-08,False,0.0
2.613018779129561e-08,False,0.0
2.6130139829660948e-08,False,0.0
7.548080560582093e-08,False,0.0
7.548080560582093e-08,False,0.0
5.893404875223496e-08,False,0.0
2.7065579999430156e-08,False,0.0
2.706562973742166e-08,False,0.0
2.7065579999430156e-08,False,0.0
2.1491344170954108e-07,False,0.0
2.706562973742166e-08,False,0.0
5.847898520983108e-08,False,0.0
5.6392805980465255e-09,False,0.0
0.0,False,0.0
2.858785006171033e-36,False,0.0
2.2972613664015127e-24,False,0.0
2.2956317769865524e-24,False,0.0
3.700156020243682e-25,False,0.0
2.0535487061902703e-24,False,0.0
2.0715820664836226e-24,False,0.0
2.991912070920224e-38,False,0.0
0.0,False,0.0
0.0,False,0.0
3.169871830321515e-36,False,0.0
1.1812173938804365e-38,False,0.0
1.195770579081682e-38,False,0.0
6.643797042699822e-39,False,0.0
1.8998482616980707e-36,False,0.0
1.914588217563835e-36,False,0.0
1.9141792626200066e-36,False,0.0
1.3801628477432216e-36,False,0.0
1.3835576221925072e-36,False,0.0
1.3799101207625837e-36,False,0.0
1.3813217327836059e-36,False,0.0
1.3803945888780578e-36,False,0.0
1.3807631864261138e-36,False,0.0
1.9219205285939963e-36,False,0.0
1.383367673383071e-36,False,0.0
1.3838743829077709e-36,False,0.0
1.3756214748384868e-36,False,0.0
1.383135573515828e-36,False,0.0
1.3756214748384868e-36,False,0.0
0.0,False,0.0
0.0,False,0.0
0.0,False,0.0
1.3847192874090447e-36,False,0.0
1.5862670590187643e-38,False,0.0
3.642988968608678e-38,False,0.0
1.3218428235278113e-36,False,0.0
0.0,False,0.0
4.9284487590684525e-37,False,0.0
0.0,False,0.0
5.018488799530074e-37,False,0.0
1.3109858769170786e-36,False,0.0
2.0564839242691204e-36,False,0.0
0.0,False,0.0
0.0,False,0.0
1.3850891405205248e-36,False,0.0
1.3791524779192802e-36,False,0.0
3.239304487670652e-36,False,0.0
3.235476095424566e-36,False,0.0
2.5034268363228722e-36,False,0.0
3.329176645415805e-29,False,0.0
1.900252044606532e-08,False,0.0
4.6072425874399414e-08,False,0.0
0.0,False,0.0
0.0,False,0.0
0.0,False,0.0
0.0,False,0.0
4.99957239130046e-37,False,0.0
2.0525179581450006e-36,False,0.0
7.7815461251191455e-28,False,0.0
7.757420482188293e-28,False,0.0
7.7815461251191455e-28,False,0.0
1.7987962272703234e-27,False,0.0
7.7815461251191455e-28,False,0.0
4.345068206744688e-27,False,0.0
2.035641653335922e-31,False,0.0
5.158510444967722e-30,False,0.0
2.1212290208611004e-29,False,0.0
5.112707542686802e-30,False,0.0
0.0,False,0.0
0.0,False,0.0
0.0,False,0.0
0.0,False,0.0
0.0,False,0.0
0.0,False,0.0
0.0,False,0.0
0.0,False,0.0
0.0,False,0.0
0.0,False,0.0
0.0,False,0.0
0.0,False,0.0
1.756094460395121e-28,False,0.0
1.3658177571921723e-28,False,0.0
5.06120659610948e-30,False,0.0
2.078503167824531e-29,False,0.0
1.2235295168754193e-31,False,0.0
6.935816902168064e-30,False,0.0
1.1006962346862444e-31,False,0.0
1.999637436864586e-31,False,0.0
2.1389752615924135e-29,False,0.0
1.1626024691779493e-31,False,0.0
3.6909526546224924e-09,False,0.0
3.9239385692595485e-30,False,0.0
1.2653438727844515e-30,False,0.0
1.1864646518513365e-31,False,0.0
1.1856140641390815e-31,False,0.0
7.049449025836065e-30,False,0.0
3.048187096208737e-39,False,0.0
0.0,False,0.0
0.0,False,0.0
0.0,False,0.0
0.0,False,0.0
0.0,False,0.0
0.0,False,0.0
7.799912274551308e-28,False,0.0
7.71345294600539e-28,False,0.0
7.74872538997187e-28,False,0.0
7.8302317081833105e-28,False,0.0
7.751504506881621e-28,False,0.0
7.785168317862052e-28,False,0.0
7.802233983099267e-28,False,0.0
4.354509500518063e-27,False,0.0
7.757509556448221e-28,False,0.0
7.727648494142983e-28,False,0.0
7.7815461251191455e-28,False,0.0
7.7815461251191455e-28,False,0.0
7.798097567061209e-28,False,0.0
7.798097567061209e-28,False,0.0
7.768970284064783e-28,False,0.0
6.370452609871791e-09,False,0.0
7.705776670729549e-28,False,0.0
7.802293205445057e-28,False,0.0
2.6118975426925317e-08,False,0.0
4.2532110502695116e-29,False,0.0
7.750824172128766e-28,False,0.0
7.7815461251191455e-28,False,0.0
2.8161733426247473e-27,False,0.0
1.5350632642650698e-34,False,0.0
3.576867019011354e-36,False,0.0
3.339664378376739e-10,False,0.0
3.3915381614235685e-10,False,0.0
1.22247785228069e-08,False,0.0
5.0673460794236527e-39,False,0.0
3.093533955293367e-38,False,0.0
2.0650991468014266e-29,False,0.0
7.94977011732295e-30,False,0.0
7.899045937412651e-30,False,0.0
2.0568441295772968e-29,False,0.0
2.0646737871176154e-29,False,0.0
2.074985787800317e-29,False,0.0
3.0836633090770735e-29,False,0.0
3.083568818139177e-29,False,0.0
3.083945578184548e-29,False,0.0
3.0826281217319654e-29,False,0.0
3.0826281217319654e-29,False,0.0
1.2885550149646019e-29,False,0.0
7.93111116635393e-30,False,0.0
7.922342166575891e-30,False,0.0
2.05294035985799e-29,False,0.0
2.0729918484547685e-29,False,0.0
2.0729760498106935e-29,False,0.0
2.0730709921384207e-29,False,0.0
1.0478186196549002e-31,False,0.0
0.0,False,0.0
0.0,False,0.0
0.0,False,0.0
0.0,False,0.0
0.0,False,0.0
0.0,False,0.0
3.55102057330433e-37,False,0.0
0.0,False,0.0
0.0,False,0.0
0.0,False,0.0
5.71609121646747e-39,False,0.0
0.0,False,0.0
0.0,False,0.0
0.0,False,0.0
1.6626781856298005e-24,False,0.0
0.0,False,0.0
6.026343981045753e-34,False,0.0
1.1611841176942471e-31,False,0.0
1.161804426063176e-31,False,0.0
0.0,False,0.0
0.0,False,0.0
0.0,False,0.0
0.0,False,0.0
0.0,False,0.0
0.0,False,0.0
0.0,False,0.0
0.0,False,0.0
0.0,False,0.0
0.0,False,0.0
0.0,False,0.0
0.0,False,0.0
0.0,False,0.0
0.0,False,0.0
0.0,False,0.0
0.0,False,0.0
0.0,False,0.0
6.637492320649131e-38,False,0.0
0.0,False,0.0
0.0,False,0.0
0.0,False,0.0
0.0,False,0.0
0.0,False,0.0
0.0,False,0.0
0.0,False,0.0
0.0,False,0.0
0.0,False,0.0
0.0,False,0.0
0.0,False,0.0
0.0,False,0.0
0.0,False,0.0
0.0,False,0.0
3.963112407823184e-37,False,0.0
0.0,False,0.0
0.0,False,0.0
0.0,False,0.0
0.0,False,0.0
0.0,False,0.0
0.0,False,0.0
1.2143692420477665e-31,False,0.0
1.0701911970790157e-29,False,0.0
1.1596006139562318e-29,False,0.0
0.0,False,0.0
0.0,False,0.0
0.0,False,0.0
0.0,False,0.0
7.75088291299207e-28,False,0.0
3.20472007925515e-27,False,0.0
7.755082884718293e-28,False,0.0
7.691622048603275e-28,False,0.0
1.7957659690958245e-27,False,0.0
1.7879326342330183e-27,False,0.0
1.7827430234048725e-27,False,0.0
3.2223481160361265e-27,False,0.0
1.7827430234048725e-27,False,0.0
1.776571958677067e-27,False,0.0
2.6118927465290653e-08,False,0.0
2.6118975426925317e-08,False,0.0
2.6118975426925317e-08,False,0.0
2.6118927465290653e-08,False,0.0
2.6118975426925317e-08,False,0.0
2.6118975426925317e-08,False,0.0
2.6118975426925317e-08,False,0.0
2.6118927465290653e-08,False,0.0
7.8302317081833105e-28,False,0.0
1.7879326342330183e-27,False,0.0
2.6118975426925317e-08,False,0.0
2.603576554349729e-08,False,0.0
4.3509561597706686e-27,False,0.0
7.8302317081833105e-28,False,0.0
7.8302317081833105e-28,False,0.0
7.799912274551308e-28,False,0.0
7.798126937492861e-28,False,0.0
7.748488982071197e-28,False,0.0
7.8302317081833105e-28,False,0.0
1.7827430234048725e-27,False,0.0
1.7827430234048725e-27,False,0.0
7.806729103589467e-28,False,0.0
7.827065960837224e-28,False,0.0
1.7827430234048725e-27,False,0.0
1.7827430234048725e-27,False,0.0
7.7977696774881775e-28,False,0.0
1.7827295418952618e-27,False,0.0
7.728651422161522e-28,False,0.0
1.7827430234048725e-27,False,0.0
1.7827430234048725e-27,False,0.0
1.7827430234048725e-27,False,0.0
1.7861534601503934e-27,False,0.0
0.0,False,0.0
1.6553622895947808e-24,False,0.0
0.0,False,0.0
9.673892797934514e-10,False,0.0
0.0,False,0.0
0.0,False,0.0
0.0,False,0.0
3.465581988049138e-10,False,0.0
6.475377362281159e-24,False,0.0
3.2849040770779332e-25,False,0.0
3.4280872374182882e-37,False,0.0
0.0,False,0.0
0.0,False,0.0
0.0,False,0.0
0.0,False,0.0
0.0,False,0.0
4.672879305722688e-10,False,0.0
0.0,False,0.0
0.0,False,0.0
0.0,False,0.0
0.0,False,0.0
3.088920508265147e-10,False,0.0
3.0874947043457723e-10,False,0.0
0.0,False,0.0
2.1317473044334713e-24,False,0.0
9.665629407962228e-10,False,0.0
9.5904850727635e-10,False,0.0
0.0,False,0.0
3.3635216833971526e-10,False,0.0
3.647380831253944e-24,False,0.0
0.0,False,0.0
0.0,False,0.0
8.56974409829028e-25,False,0.0
3.604626542343228e-24,False,0.0
1.634292702284846e-24,False,0.0
1.632660154641491e-24,False,0.0
1.6396943287257337e-24,False,0.0
0.0,False,0.0
0.0,False,0.0
0.0,False,0.0
0.0,False,0.0
0.0,False,0.0
0.0,False,0.0
0.0,False,0.0
0.0,False,0.0
0.0,False,0.0
1.6434830304382839e-24,False,0.0
0.0,False,0.0
0.0,False,0.0
3.6393255596385874e-36,False,0.0
1.4332588593095982e-38,False,0.0
0.0,False,0.0
4.0098017893093505e-35,False,0.0
0.0,False,0.0
4.0040239016713854e-35,False,0.0
0.0,False,0.0
2.5043245641710572e-36,False,0.0
0.0,False,0.0
0.0,False,0.0
9.688012922414958e-30,False,0.0
0.0,False,0.0
0.0,False,0.0
0.0,False,0.0
0.0,False,0.0
0.0,False,0.0
0.0,False,0.0
0.0,False,0.0
0.0,False,0.0
0.0,False,0.0
0.0,False,0.0
1.4243819457249174e-09,False,0.0
5.856416629907295e-34,False,0.0
0.0,False,0.0
0.0,False,0.0
0.0,False,0.0
0.0,False,0.0
0.0,False,0.0
1.198432261008264e-24,False,0.0
0.0,False,0.0
0.0,False,0.0
0.0,False,0.0
1.4455915469642745e-38,False,0.0
0.0,False,0.0
3.2294271873992327e-25,False,0.0
0.0,False,0.0
0.0,False,0.0
2.8832350396079676e-10,False,0.0
2.1445722975244053e-10,False,0.0
2.9764329889658825e-10,False,0.0
1.0031799835275024e-09,False,0.0
3.4329764737353446e-25,False,0.0
3.489360189679047e-10,False,0.0
4.603031011907177e-10,False,0.0
0.0,False,0.0
0.0,False,0.0
0.0,False,0.0
0.0,False,0.0
4.498819169801127e-37,False,0.0
0.0,False,0.0
4.353490842377631e-37,False,0.0
4.406892645294893e-37,False,0.0
7.203690037582837e-24,False,0.0
3.049988317460617e-10,False,0.0
2.7177302630576605e-09,False,0.0
2.7083795206550576e-09,False,0.0
1.6304888155663876e-38,False,0.0
0.0,False,0.0
0.0,False,0.0
4.493501858700338e-37,False,0.0
0.0,False,0.0
0.0,False,0.0
0.0,False,0.0
0.0,False,0.0
0.0,False,0.0
0.0,False,0.0
3.430756430733134e-37,False,0.0
2.6204967358602213e-37,False,0.0
0.0,False,0.0
0.0,False,0.0
1.4805863202127512e-09,False,0.0
0.0,False,0.0
8.793223371661441e-10,False,0.0
0.0,False,0.0
0.0,False,0.0
1.0689916286038886e-29,False,0.0
0.0,False,0.0
0.0,False,0.0
0.0,False,0.0
1.2674980422872073e-12,False,0.0
0.0,False,0.0
0.0,False,0.0
0.0,False,0.0
0.0,False,0.0
2.9388122491091906e-10,False,0.0
3.1956531865162674e-10,False,0.0
4.939128337615258e-34,False,0.0
4.26458927149512e-34,False,0.0
1.043703456993228e-09,False,0.0
1.3889116505628677e-25,False,0.0
9.129477395361454e-25,False,0.0
3.714725194114976e-09,False,0.0
7.060548767867658e-08,False,0.0
6.915234962434624e-08,False,0.0
1.4184128538374807e-08,False,0.0
1.41820182264496e-08,False,0.0
6.688249243325117e-08,False,0.0
6.654567386021881e-08,False,0.0
3.725986630342959e-09,False,0.0
1.4027223826929003e-08,False,0.0
8.668057915883765e-08,False,0.0
1.4169877715630719e-08,False,0.0
8.656640915205571e-08,False,0.0
8.570536635943427e-08,False,0.0
6.894334347862241e-08,False,0.0
1.1152620202861535e-29,False,0.0
3.35330318938971e-37,False,0.0
1.3823699488764717e-37,False,0.0
0.0,False,0.0
1.0815560669286128e-09,False,0.0
3.3852820546798057e-10,False,0.0
8.932241057912904e-10,False,0.0
4.5675060955652214e-10,False,0.0
0.0,False,0.0
2.8081106329125305e-09,False,0.0
6.037566002703443e-10,False,0.0
3.3696734291766006e-10,False,0.0
7.133612034415648e-10,False,0.0
2.815919941667744e-09,False,0.0
1.150296413676699e-09,False,0.0
2.803941523410458e-09,False,0.0
1.1488886508814744e-09,False,0.0
1.1542171662881628e-09,False,0.0
1.1531916532803166e-09,False,0.0
2.478852123566355e-10,False,0.0
2.804872112349699e-09,False,0.0
2.79973022543345e-09,False,0.0
0.0,False,0.0
0.0,False,0.0
0.0,False,0.0
0.0,False,0.0
0.0,False,0.0
0.0,False,0.0
0.0,False,0.0
0.0,False,0.0
0.0,False,0.0
0.0,False,0.0
0.0,False,0.0
0.0,False,0.0
0.0,False,0.0
0.0,False,0.0
0.0,False,0.0
0.0,False,0.0
0.0,False,0.0
3.770669554370443e-09,False,0.0
2.2031350355167234e-10,False,0.0
0.0,False,0.0
0.0,False,0.0
0.0,False,0.0
9.38929817877496e-30,False,0.0
2.8929189599402605e-10,False,0.0
0.0,False,0.0
0.0,False,0.0
0.0,False,0.0
0.0,False,0.0
0.0,False,0.0
0.0,False,0.0
0.0,False,0.0
5.635947264437391e-09,False,0.0
0.0,False,0.0
1.8097955795064315e-34,False,0.0
0.0,False,0.0
1.1299320722349806e-31,False,0.0
0.0,False,0.0
6.176978531151341e-34,False,0.0
0.0,False,0.0
0.0,False,0.0
0.0,False,0.0
0.0,False,0.0
0.0,False,0.0
9.361974047688965e-30,False,0.0
1.559248830944498e-34,False,0.0
8.020107956382756e-36,False,0.0
8.044191097785376e-36,False,0.0
7.369392653785776e-34,False,0.0
2.1898527625533213e-34,False,0.0
5.984010572381804e-34,False,0.0
0.0,False,0.0
1.9168371502588423e-38,False,0.0
0.0,False,0.0
0.0,False,0.0
0.0,False,0.0
0.0,False,0.0
0.0,False,0.0
0.0,False,0.0
0.0,False,0.0
0.0,False,0.0
2.4187150813818905e-29,False,0.0
0.0,False,0.0
2.2817096913528742e-29,False,0.0
2.2719297288173097e-29,False,0.0
3.1822287925121665e-29,False,0.0
0.0,False,0.0
5.99859221246177e-34,False,0.0
0.0,False,0.0
0.0,False,0.0
0.0,False,0.0
0.0,False,0.0
0.0,False,0.0
0.0,False,0.0
7.437802971988978e-32,False,0.0
1.0579640762979772e-31,False,0.0
1.206970680603691e-31,False,0.0
0.0,False,0.0
9.616140376619241e-30,False,0.0
1.7972703403659751e-12,False,0.0
0.0,False,0.0
9.620102827016541e-30,False,0.0
3.773468204570918e-09,False,0.0
0.0,False,0.0
0.0,False,0.0
0.0,False,0.0
0.0,False,0.0
0.0,False,0.0
0.0,False,0.0
0.0,False,0.0
0.0,False,0.0
0.0,False,0.0
0.0,False,0.0
0.0,False,0.0
0.0,False,0.0
0.0,False,0.0
1.2232694505052434e-29,False,0.0
8.769464798552366e-38,False,0.0
0.0,False,0.0
0.0,False,0.0
0.0,False,0.0
0.0,False,0.0
0.0,False,0.0
0.0,False,0.0
0.0,False,0.0
0.0,False,0.0
0.0,False,0.0
0.0,False,0.0
0.0,False,0.0
0.0,False,0.0
0.0,False,0.0
0.0,False,0.0
1.0075395096009743e-07,False,0.0
6.646791206321723e-08,False,0.0
1.4641556411731926e-08,False,0.0
6.958314457961023e-08,False,0.0
6.958314457961023e-08,False,0.0
7.040068084052109e-08,False,0.0
1.415793704495627e-08,False,0.0
1.451456999035372e-08,False,0.0
1.9071073609211453e-08,False,0.0
1.3817266775184578e-11,False,0.0
1.3596926536074694e-11,False,0.0
1.3810783246193115e-11,False,0.0
1.381489454083118e-11,False,0.0
2.4143298915646483e-08,False,0.0
1.3685702744681283e-11,False,0.0
1.3731119540005832e-11,False,0.0
1.3725044538392961e-11,False,0.0
1.3667886267221263e-11,False,0.0
6.391629447932701e-09,False,0.0
1.3675918036915036e-11,False,0.0
1.3576920837587991e-11,False,0.0
6.104754479707708e-09,False,0.0
1.3908350027236338e-08,False,0.0
1.3917716756850496e-08,False,0.0
1.4200288944721251e-08,False,0.0
3.14150823410575e-11,False,0.0
0.0,False,0.0
0.0,False,0.0
0.0,False,0.0
0.0,False,0.0
0.0,False,0.0
0.0,False,0.0
0.0,False,0.0
0.0,False,0.0
3.1926009058658167e-10,False,0.0
1.0567980934794718e-09,False,0.0
1.5874739300869578e-09,False,0.0
2.816908262204265e-09,False,0.0
2.799970477695979e-09,False,0.0
4.3288841955479995e-10,False,0.0
0.0,False,0.0
1.1148537381842711e-29,False,0.0
0.0,False,0.0
0.0,False,0.0
0.0,False,0.0
0.0,False,0.0
0.0,False,0.0
0.0,False,0.0
0.0,False,0.0
0.0,False,0.0
1.5199616121769674e-24,False,0.0
7.224108124392673e-24,False,0.0
3.1733256184912103e-25,False,0.0
0.0,False,0.0
0.0,False,0.0
1.6065594516304075e-29,False,0.0
7.373948612750174e-34,False,0.0
8.027454078610582e-36,False,0.0
5.930334561587381e-34,False,0.0
9.07911245285833e-34,False,0.0
0.0,False,0.0
0.0,False,0.0
1.1752226141441966e-29,False,0.0
0.0,False,0.0
0.0,False,0.0
0.0,False,0.0
0.0,False,0.0
0.0,False,0.0
0.0,False,0.0
0.0,False,0.0
0.0,False,0.0
0.0,False,0.0
0.0,False,0.0
0.0,False,0.0
0.0,False,0.0
1.5766650207638122e-09,False,0.0
0.0,False,0.0
0.0,False,0.0
0.0,False,0.0
0.0,False,0.0
2.227052431358345e-10,False,0.0
8.29014246139792e-10,False,0.0
2.9298294346169484e-10,False,0.0
2.364453077774442e-10,False,0.0
2.3178979569049574e-10,False,0.0
2.303538887415968e-10,False,0.0
0.0,False,0.0
0.0,False,0.0
0.0,False,0.0
0.0,False,0.0
0.0,False,0.0
0.0,False,0.0
0.0,False,0.0
0.0,False,0.0
1.471429023069959e-08,False,0.0
3.463559716809783e-10,False,0.0
3.227167422181765e-10,False,0.0
0.0,False,0.0
0.0,False,0.0
0.0,False,0.0
1.824650830428709e-08,False,0.0
1.4241245516188883e-08,False,0.0
1.4194412756296515e-08,False,0.0
6.674689956298607e-08,False,0.0
6.656306084096286e-08,False,0.0
3.732359754593517e-09,False,0.0
3.735421749695433e-09,False,0.0
3.725702413248655e-09,False,0.0
2.9148758962094234e-09,False,0.0
3.3791533237664385e-29,False,0.0
2.2808045042790122e-29,False,0.0
0.0,False,0.0
2.7157410722216784e-31,False,0.0
5.498077201387815e-39,False,0.0
0.0,False,0.0
0.0,False,0.0
2.8507139305904797e-37,False,0.0
0.0,False,0.0
3.3592695819391736e-37,False,0.0
2.8973642929308596e-10,False,0.0
1.1162494355408442e-29,False,0.0
0.0,False,0.0
3.4345485256080304e-25,False,0.0
3.9280071528412587e-25,False,0.0
3.961912148028625e-25,False,0.0
3.4424972853042636e-25,False,0.0
3.959630614379306e-25,False,0.0
0.0,False,0.0
3.555574905417263e-37,False,0.0
0.0,False,0.0
0.0,False,0.0
0.0,False,0.0
0.0,False,0.0
6.095769444769417e-10,False,0.0
0.0,False,0.0
0.0,False,0.0
0.0,False,0.0
0.0,False,0.0
0.0,False,0.0
0.0,False,0.0
1.0630950480136102e-29,False,0.0
6.345192371526309e-09,False,0.0
0.0,False,0.0
0.0,False,0.0
0.0,False,0.0
1.4536661928031348e-29,False,0.0
1.233907337177821e-38,False,0.0
4.861500774653885e-25,False,0.0
4.884383657362084e-25,False,0.0
3.9781318677970675e-25,False,0.0
0.0,False,0.0
0.0,False,0.0
0.0,False,0.0
0.0,False,0.0
0.0,False,0.0
0.0,False,0.0
3.604673444064848e-36,False,0.0
0.0,False,0.0
0.0,False,0.0
1.4420300509243589e-09,False,0.0
9.65844293432383e-10,False,0.0
0.0,False,0.0
0.0,False,0.0
0.0,False,0.0
0.0,False,0.0
0.0,False,0.0
0.0,False,0.0
9.234003526048279e-30,False,0.0
0.0,False,0.0
0.0,False,0.0
9.803713396649982e-10,False,0.0
1.2910804153207223e-12,False,0.0
1.2891094441913609e-12,False,0.0
1.1294685187124287e-09,False,0.0
3.3869743121250906e-10,False,0.0
3.402682857700512e-10,False,0.0
0.0,False,0.0
1.4143227922147616e-08,False,0.0
9.883988383307951e-08,False,0.0
8.919515437355585e-08,False,0.0
0.0,False,0.0
7.035208682282246e-08,False,0.0
9.560592317825467e-09,False,0.0
0.0,False,0.0
0.0,False,0.0
0.0,False,0.0
0.0,False,0.0
0.0,False,0.0
0.0,False,0.0
1.1334634923637209e-31,False,0.0
0.0,False,0.0
0.0,False,0.0
0.0,False,0.0
0.0,False,0.0
0.0,False,0.0
2.734998067696623e-29,False,0.0
0.0,False,0.0
0.0,False,0.0
0.0,False,0.0
1.4533557870628793e-29,False,0.0
1.44736930466465e-29,False,0.0
3.583968450188176e-29,False,0.0
0.0,False,0.0
0.0,False,0.0
0.0,False,0.0
0.0,False,0.0
0.0,False,0.0
0.0,False,0.0
0.0,False,0.0
2.7154421675181513e-30,False,0.0
0.0,False,0.0
0.0,False,0.0
0.0,False,0.0
0.0,False,0.0
0.0,False,0.0
2.3907367359679126e-29,False,0.0
9.094728698413701e-30,False,0.0
5.030399045471877e-34,False,0.0
1.3012117497271782e-34,False,0.0
0.0,False,0.0
0.0,False,0.0
0.0,False,0.0
0.0,False,0.0
0.0,False,0.0
0.0,False,0.0
0.0,False,0.0
0.0,False,0.0
9.149221231094092e-30,False,0.0
2.2768405492489433e-29,False,0.0
2.2752430806380403e-29,False,0.0
0.0,False,0.0
0.0,False,0.0
0.0,False,0.0
0.0,False,0.0
0.0,False,0.0
5.406233297439038e-39,False,0.0
5.361052632352277e-39,False,0.0
0.0,False,0.0
0.0,False,0.0
0.0,False,0.0
0.0,False,0.0
0.0,False,0.0
0.0,False,0.0
0.0,False,0.0
0.0,False,0.0
0.0,False,0.0
0.0,False,0.0
1.5102403806343158e-24,False,0.0
0.0,False,0.0
0.0,False,0.0
4.318217987009021e-34,False,0.0
6.862946266481008e-36,False,0.0
4.896953804359662e-34,False,0.0
1.2954072871925124e-34,False,0.0
1.294340388315897e-34,False,0.0
5.039618870108659e-34,False,0.0
6.891909603546648e-36,False,0.0
1.5546873618503305e-34,False,0.0
0.0,False,0.0
0.0,False,0.0
0.0,False,0.0
1.2374991454015784e-38,False,0.0
0.0,False,0.0
0.0,False,0.0
0.0,False,0.0
0.0,False,0.0
1.5403894934534929e-34,False,0.0
7.035411749843125e-34,False,0.0
0.0,False,0.0
0.0,False,0.0
0.0,False,0.0
0.0,False,0.0
2.0897101826733433e-09,False,0.0
0.0,False,0.0
0.0,False,0.0
0.0,False,0.0
7.459853482768878e-32,False,0.0
3.4075538691354126e-29,False,0.0
0.0,False,0.0
6.151035791823745e-10,False,0.0
6.053132439731712e-10,False,0.0
6.059150403636693e-10,False,0.0
6.022614074119303e-10,False,0.0
3.396470882321978e-10,False,0.0
1.0132333860823906e-09,False,0.0
7.139042690340602e-10,False,0.0
7.164113746682688e-10,False,0.0
2.8104201188483557e-09,False,0.0
0.0,False,0.0
0.0,False,0.0
0.0,False,0.0
0.0,False,0.0
0.0,False,0.0
0.0,False,0.0
0.0,False,0.0
0.0,False,0.0
0.0,False,0.0
0.0,False,0.0
0.0,False,0.0
0.0,False,0.0
0.0,False,0.0
0.0,False,0.0
0.0,False,0.0
0.0,False,0.0
0.0,False,0.0
0.0,False,0.0
0.0,False,0.0
0.0,False,0.0
7.06019998696609e-34,False,0.0
0.0,False,0.0
0.0,False,0.0
0.0,False,0.0
0.0,False,0.0
0.0,False,0.0
0.0,False,0.0
0.0,False,0.0
0.0,False,0.0
0.0,False,0.0
0.0,False,0.0
0.0,False,0.0
0.0,False,0.0
0.0,False,0.0
0.0,False,0.0
0.0,False,0.0
0.0,False,0.0
0.0,False,0.0
0.0,False,0.0
0.0,False,0.0
0.0,False,0.0
1.6701920912964852e-07,False,0.0
7.33634948346662e-08,False,0.0
0.0,False,0.0
0.0,False,0.0
1.4996865092294586e-34,False,0.0
0.0,False,0.0
0.0,False,0.0
0.0,False,0.0
0.0,False,0.0
0.0,False,0.0
0.0,False,0.0
0.0,False,0.0
0.0,False,0.0
0.0,False,0.0
0.0,False,0.0
0.0,False,0.0
0.0,False,0.0
0.0,False,0.0
0.0,False,0.0
3.3670186503430127e-37,False,0.0
0.0,False,0.0
1.152694048619727e-29,False,0.0
0.0,False,0.0
0.0,False,0.0
0.0,False,0.0
0.0,False,0.0
0.0,False,0.0
0.0,False,0.0
0.0,False,0.0
6.010765218888992e-08,False,0.0
5.743108744127312e-08,False,0.0
3.236665102601677e-11,False,0.0
6.35771879586855e-09,False,0.0
3.747103516360539e-09,False,0.0
3.773712897725545e-09,False,0.0
3.764166311981398e-09,False,0.0
1.6142762149229384e-07,False,0.0
3.7401131081082895e-09,False,0.0
6.895702142628579e-08,False,0.0
7.329901308139597e-08,False,0.0
3.711630114366926e-09,False,0.0
1.4156885441707345e-08,False,0.0
2.3967572815308813e-08,False,0.0
1.4367760314826228e-08,False,0.0
9.243004939207822e-08,False,0.0
1.411608874235526e-08,False,0.0
0.0,False,0.0
1.1963546402816125e-38,False,0.0
1.2169851167927882e-38,False,0.0
3.107501257606678e-39,False,0.0
0.0,False,0.0
0.0,False,0.0
0.0,False,0.0
3.169756401799617e-10,False,0.0
0.0,False,0.0
0.0,False,0.0
0.0,False,0.0
0.0,False,0.0
0.0,False,0.0
1.6329529206449412e-24,False,0.0
1.6351657740916993e-24,False,0.0
6.60104630644552e-26,False,0.0
1.3884256157975505e-12,False,0.0
1.384897296667631e-12,False,0.0
0.0,False,0.0
0.0,False,0.0
0.0,False,0.0
0.0,False,0.0
0.0,False,0.0
0.0,False,0.0
0.0,False,0.0
0.0,False,0.0
0.0,False,0.0
0.0,False,0.0
0.0,False,0.0
0.0,False,0.0
0.0,False,0.0
2.6907155968288304e-30,False,0.0
0.0,False,0.0
0.0,False,0.0
0.0,False,0.0
2.824048286886871e-12,False,0.0
2.7996340801195174e-09,False,0.0
7.140241176095685e-10,False,0.0
7.14627690356906e-10,False,0.0
8.805928763955251e-10,False,0.0
9.162692271580397e-10,False,0.0
2.4935610673523135e-37,False,0.0
7.52615136874703e-36,False,0.0
8.016621077388008e-36,False,0.0
2.0372933404482623e-34,False,0.0
2.0271997010655375e-34,False,0.0
6.000147905766686e-34,False,0.0
1.8161720623877915e-34,False,0.0
1.4261154640221216e-29,False,0.0
0.0,False,0.0
0.0,False,0.0
0.0,False,0.0
0.0,False,0.0
0.0,False,0.0
3.380720425827377e-10,False,0.0
0.0,False,0.0
3.736619014205189e-09,False,0.0
0.0,False,0.0
0.0,False,0.0
0.0,False,0.0
0.0,False,0.0
0.0,False,0.0
0.0,False,0.0
0.0,False,0.0
0.0,False,0.0
0.0,False,0.0
0.0,False,0.0
0.0,False,0.0
0.0,False,0.0
2.4169240830929084e-08,False,0.0
8.308477461582697e-09,False,0.0
1.3898618256291684e-08,False,0.0
7.932666790111398e-08,False,0.0
6.081235426336207e-08,False,0.0
0.0,False,0.0
3.1238298059399483e-10,False,0.0
0.0,False,0.0
5.109705047996158e-30,False,0.0
3.0999392226664685e-29,False,0.0
2.0763914199140032e-10,False,0.0
0.0,False,0.0
0.0,False,0.0
0.0,False,0.0
0.0,False,0.0
0.0,False,0.0
9.159357851781232e-28,False,0.0
0.0,False,0.0
0.0,False,0.0
0.0,False,0.0
0.0,False,0.0
0.0,False,0.0
0.0,False,0.0
0.0,False,0.0
0.0,False,0.0
0.0,False,0.0
0.0,False,0.0
0.0,False,0.0
0.0,False,0.0
0.0,False,0.0
5.499586399833893e-39,False,0.0
2.796216200170239e-37,False,0.0
2.562470199595179e-37,False,0.0
0.0,False,0.0
9.262238860682096e-35,False,0.0
0.0,False,0.0
0.0,False,0.0
0.0,False,0.0
0.0,False,0.0
0.0,False,0.0
0.0,False,0.0
4.3719264931301044e-39,False,0.0
0.0,False,0.0
9.293559699585785e-09,False,0.0
2.1591960164268897e-10,False,0.0
0.0,False,0.0
0.0,False,0.0
0.0,False,0.0
0.0,False,0.0
0.0,False,0.0
0.0,False,0.0
0.0,False,0.0
8.855118886924528e-38,False,0.0
3.655589276244071e-37,False,0.0
3.3670699939187456e-37,False,0.0
9.662325079465308e-30,False,0.0
1.1200799296442981e-29,False,0.0
0.0,False,0.0
0.0,False,0.0
0.0,False,0.0
0.0,False,0.0
0.0,False,0.0
0.0,False,0.0
1.9329192645260387e-29,False,0.0
0.0,False,0.0
1.2713489373973786e-29,False,0.0
0.0,False,0.0
0.0,False,0.0
0.0,False,0.0
8.047690173681958e-36,False,0.0
0.0,False,0.0
0.0,False,0.0
0.0,False,0.0
0.0,False,0.0
9.591155949489124e-30,False,0.0
0.0,False,0.0
1.4585097561499918e-29,False,0.0
2.651475385469003e-31,False,0.0
3.583968450188176e-29,False,0.0
2.654815200018559e-31,False,0.0
8.469009858126363e-30,False,0.0
0.0,False,0.0
9.607413506558736e-30,False,0.0
7.110925182018946e-10,False,0.0
0.0,False,0.0
0.0,False,0.0
0.0,False,0.0
0.0,False,0.0
2.404703935976471e-10,False,0.0
0.0,False,0.0
0.0,False,0.0
0.0,False,0.0
0.0,False,0.0
6.025241036736896e-34,False,0.0
1.291420708304294e-34,False,0.0
7.054977302299585e-34,False,0.0
6.924217044109104e-36,False,0.0
4.930355751844766e-34,False,0.0
1.2958619876928646e-34,False,0.0
8.715522866599381e-34,False,0.0
0.0,False,0.0
0.0,False,0.0
0.0,False,0.0
0.0,False,0.0
0.0,False,0.0
3.1536957341064086e-37,False,0.0
0.0,False,0.0
0.0,False,0.0
0.0,False,0.0
0.0,False,0.0
0.0,False,0.0
0.0,False,0.0
9.571929751966171e-30,False,0.0
1.0089193924756046e-09,False,0.0
0.0,False,0.0
0.0,False,0.0
0.0,False,0.0
0.0,False,0.0
0.0,False,0.0
0.0,False,0.0
0.0,False,0.0
0.0,False,0.0
0.0,False,0.0
0.0,False,0.0
0.0,False,0.0
0.0,False,0.0
0.0,False,0.0
3.4175715035722476e-10,False,0.0
0.0,False,0.0
0.0,False,0.0
0.0,False,0.0
0.0,False,0.0
0.0,False,0.0
1.2080209848061507e-31,False,0.0
1.2042296628764436e-31,False,0.0
1.1969842683462802e-31,False,0.0
0.0,False,0.0
0.0,False,0.0
0.0,False,0.0
0.0,False,0.0
0.0,False,0.0
8.444105176533005e-30,False,0.0
1.5778363504637127e-08,False,0.0
2.392433811268127e-29,False,0.0
0.0,False,0.0
0.0,False,0.0
3.744931476035163e-09,False,0.0
2.131302838176461e-29,False,0.0
3.349513999495457e-10,False,0.0
0.0,False,0.0
0.0,False,0.0
0.0,False,0.0
0.0,False,0.0
1.2922065380980515e-38,False,0.0
6.887389575220122e-36,False,0.0
6.907860281285589e-36,False,0.0
7.543587602224359e-39,False,0.0
0.0,False,0.0
0.0,False,0.0
1.255041720616768e-38,False,0.0
0.0,False,0.0
0.0,False,0.0
5.333636227897762e-39,False,0.0
0.0,False,0.0
0.0,False,0.0
0.0,False,0.0
0.0,False,0.0
0.0,False,0.0
0.0,False,0.0
0.0,False,0.0
0.0,False,0.0
0.0,False,0.0
0.0,False,0.0
0.0,False,0.0
1.5669168652849498e-34,False,0.0
0.0,False,0.0
0.0,False,0.0
4.076289660751883e-27,False,0.0
0.0,False,0.0
0.0,False,0.0
0.0,False,0.0
0.0,False,0.0
0.0,False,0.0
0.0,False,0.0
0.0,False,0.0
8.969100462330459e-10,False,0.0
0.0,False,0.0
0.0,False,0.0
0.0,False,0.0
0.0,False,0.0
0.0,False,0.0
0.0,False,0.0
0.0,False,0.0
0.0,False,0.0
0.0,False,0.0
0.0,False,0.0
0.0,False,0.0
0.0,False,0.0
0.0,False,0.0
0.0,False,0.0
1.2751941724786775e-09,False,0.0
0.0,False,0.0
0.0,False,0.0
0.0,False,0.0
0.0,False,0.0
0.0,False,0.0
0.0,False,0.0
0.0,False,0.0
0.0,False,0.0
0.0,False,0.0
0.0,False,0.0
0.0,False,0.0
0.0,False,0.0
0.0,False,0.0
0.0,False,0.0
0.0,False,0.0
0.0,False,0.0
0.0,False,0.0
0.0,False,0.0
0.0,False,0.0
0.0,False,0.0
0.0,False,0.0
0.0,False,0.0
0.0,False,0.0
0.0,False,0.0
6.648866940543749e-39,False,0.0
9.754011214133433e-39,False,0.0
0.0,False,0.0
0.0,False,0.0
0.0,False,0.0
0.0,False,0.0
0.0,False,0.0
0.0,False,0.0
0.0,False,0.0
0.0,False,0.0
0.0,False,0.0
0.0,False,0.0
0.0,False,0.0
0.0,False,0.0
0.0,False,0.0
0.0,False,0.0
0.0,False,0.0
0.0,False,0.0
0.0,False,0.0
0.0,False,0.0
0.0,False,0.0
0.0,False,0.0
0.0,False,0.0
0.0,False,0.0
0.0,False,0.0
1.0592573316728648e-29,False,0.0
0.0,False,0.0
0.0,False,0.0
0.0,False,0.0
0.0,False,0.0
0.0,False,0.0
0.0,False,0.0
0.0,False,0.0
1.966824061237649e-34,False,0.0
0.0,False,0.0
0.0,False,0.0
0.0,False,0.0
2.038941009814951e-27,False,0.0
2.0510716721626686e-27,False,0.0
3.214201727874227e-39,False,0.0
0.0,False,0.0
0.0,False,0.0
0.0,False,0.0
0.0,False,0.0
0.0,False,0.0
0.0,False,0.0
0.0,False,0.0
0.0,False,0.0
0.0,False,0.0
0.0,False,0.0
0.0,False,0.0
0.0,False,0.0
0.0,False,0.0
0.0,False,0.0
5.090133913410899e-30,False,0.0
0.0,False,0.0
0.0,False,0.0
0.0,False,0.0
0.0,False,0.0
2.8565699504078177e-30,False,0.0
2.538181355649476e-34,False,0.0
2.6909001024221355e-30,False,0.0
0.0,False,0.0
0.0,False,0.0
0.0,False,0.0
0.0,False,0.0
0.0,False,0.0
1.1886434832506028e-24,False,0.0
0.0,False,0.0
5.900728634335968e-34,False,0.0
2.823314693145562e-09,False,0.0
3.1443933568020555e-10,False,0.0
3.4752192790143965e-10,False,0.0
0.0,False,0.0
0.0,False,0.0
1.1740037863696256e-29,False,0.0
0.0,False,0.0
4.302991202568545e-34,False,0.0
3.2965908048697496e-25,False,0.0
0.0,False,0.0
1.2109741069002204e-38,False,0.0
1.5509555116695804e-34,False,0.0
1.2141842014222957e-38,False,0.0
1.197642153310634e-38,False,0.0
1.1970664354014027e-31,False,0.0
0.0,False,0.0
0.0,False,0.0
0.0,False,0.0
0.0,False,0.0
6.1099069357098325e-34,False,0.0
0.0,False,0.0
1.5516034191664541e-38,False,0.0
0.0,False,0.0
0.0,False,0.0
2.107901533402449e-38,False,0.0
1.2257348244040323e-38,False,0.0
0.0,False,0.0
0.0,False,0.0
0.0,False,0.0
2.348468186096794e-38,False,0.0
1.5893918403619978e-09,False,0.0
0.0,False,0.0
2.6345895384639974e-37,False,0.0
1.2154448095208023e-38,False,0.0
0.0,False,0.0
0.0,False,0.0
1.634600389767578e-29,False,0.0
4.347317506070956e-37,False,0.0
0.0,False,0.0
0.0,False,0.0
0.0,False,0.0
0.0,False,0.0
0.0,False,0.0
2.2543699120860822e-29,False,0.0
0.0,False,0.0
3.627876256141015e-36,False,0.0
1.883566401080071e-38,False,0.0
0.0,False,0.0
0.0,False,0.0
0.0,False,0.0
8.693523390096133e-38,False,0.0
0.0,False,0.0
1.246453442588614e-38,False,0.0
0.0,False,0.0
0.0,False,0.0
1.2040367642534736e-31,False,0.0
0.0,False,0.0
2.2615363275018025e-29,False,0.0
2.2674448699225948e-29,False,0.0
6.4602040171996854e-24,False,0.0
1.565680434206528e-26,False,0.0
1.537578527868073e-25,False,0.0
0.0,False,0.0
1.8424059211576117e-38,False,0.0
1.2096812689370343e-38,False,0.0
1.213915712636531e-38,False,0.0
1.213915712636531e-38,False,0.0
5.2967750717936977e-39,False,0.0
0.0,False,0.0
0.0,False,0.0
0.0,False,0.0
0.0,False,0.0
0.0,False,0.0
5.661341617724247e-09,False,0.0
3.7201850489054777e-09,False,0.0
1.4590149532978103e-08,False,0.0
1.4629440769908797e-08,False,0.0
1.4531440051257505e-08,False,0.0
6.05350791715864e-08,False,0.0
1.4567876682747283e-08,False,0.0
1.4573100948211959e-08,False,0.0
1.876888866547688e-08,False,0.0
1.4663635639067252e-08,False,0.0
6.92633648213814e-08,False,0.0
2.0907400255509856e-08,False,0.0
5.932631097493868e-08,False,0.0
1.4421929428465319e-08,False,0.0
9.023158042964496e-08,False,0.0
1.3611120043555136e-11,False,0.0
3.696525308072296e-09,False,0.0
3.726007946625032e-09,False,0.0
9.628874408917909e-08,False,0.0
1.9021305419641976e-08,False,0.0
1.6041452452161596e-38,False,0.0
0.0,False,0.0
0.0,False,0.0
1.2664149133136267e-24,False,0.0
0.0,False,0.0
3.1785651888327493e-10,False,0.0
1.5155911696720778e-38,False,0.0
3.146362066619334e-39,False,0.0
3.1273128152953024e-39,False,0.0
0.0,False,0.0
4.6324657998475516e-10,False,0.0
2.2784044645490965e-29,False,0.0
2.4198224910999132e-29,False,0.0
2.2719297288173097e-29,False,0.0
2.251156016491386e-29,False,0.0
2.2541118675661897e-29,False,0.0
2.2719124255404656e-29,False,0.0
2.2732301829196018e-29,False,0.0
6.366176474870144e-09,False,0.0
3.398538395149586e-10,False,0.0
5.282086661290645e-39,False,0.0
0.0,False,0.0
0.0,False,0.0
0.0,False,0.0
3.1565326908734035e-39,False,0.0
1.5734337416810613e-34,False,0.0
9.647150857989414e-30,False,0.0
0.0,False,0.0
3.146146266655828e-39,False,0.0
3.264417347548232e-10,False,0.0
1.4522287816731705e-09,False,0.0
0.0,False,0.0
0.0,False,0.0
0.0,False,0.0
0.0,False,0.0
2.722246474705249e-37,False,0.0
0.0,False,0.0
9.062613437471612e-10,False,0.0
0.0,False,0.0
0.0,False,0.0
0.0,False,0.0
0.0,False,0.0
0.0,False,0.0
0.0,False,0.0
4.399635937119479e-37,False,0.0
0.0,False,0.0
1.1455051389441093e-29,False,0.0
1.2856669506788876e-08,False,0.0
0.0,False,0.0
0.0,False,0.0
0.0,False,0.0
0.0,False,0.0
1.8029562865302466e-38,False,0.0
0.0,False,0.0
2.42051517718167e-10,False,0.0
0.0,False,0.0
0.0,False,0.0
0.0,False,0.0
3.1461224445819344e-39,False,0.0
3.058207853623429e-10,False,0.0
3.178868279718472e-10,False,0.0
0.0,False,0.0
0.0,False,0.0
0.0,False,0.0
5.855490573988349e-30,False,0.0
0.0,False,0.0
0.0,False,0.0
0.0,False,0.0
0.0,False,0.0
0.0,False,0.0
6.685469416951299e-38,False,0.0
0.0,False,0.0
0.0,False,0.0
0.0,False,0.0
0.0,False,0.0
1.2964480175444976e-30,False,0.0
0.0,False,0.0
2.7666342882196254e-30,False,0.0
8.224236101405459e-39,False,0.0
1.2023864126575745e-09,False,0.0
0.0,False,0.0
0.0,False,0.0
0.0,False,0.0
0.0,False,0.0
0.0,False,0.0
0.0,False,0.0
6.167466669636777e-34,False,0.0
6.11998450388073e-34,False,0.0
1.561189085389576e-34,False,0.0
1.5612963033313404e-34,False,0.0
5.110591178249478e-34,False,0.0
1.584452125058533e-09,False,0.0
0.0,False,0.0
0.0,False,0.0
0.0,False,0.0
0.0,False,0.0
3.7170498709594426e-24,False,0.0
2.4797496454801738e-37,False,0.0
5.8881031130993704e-30,False,0.0
0.0,False,0.0
1.1166924746596917e-29,False,0.0
0.0,False,0.0
1.1120758851660463e-29,False,0.0
7.752744693544667e-36,False,0.0
6.906806325474213e-36,False,0.0
0.0,False,0.0
0.0,False,0.0
0.0,False,0.0
0.0,False,0.0
0.0,False,0.0
0.0,False,0.0
1.6006541647684003e-09,False,0.0
6.974319764446612e-36,False,0.0
0.0,False,0.0
0.0,False,0.0
0.0,False,0.0
0.0,False,0.0
0.0,False,0.0
0.0,False,0.0
0.0,False,0.0
0.0,False,0.0
0.0,False,0.0
1.0593948551079562e-29,False,0.0
0.0,False,0.0
0.0,False,0.0
0.0,False,0.0
0.0,False,0.0
6.876535902042602e-39,False,0.0
0.0,False,0.0
2.253940038503964e-29,False,0.0
0.0,False,0.0
1.7853123974360864e-38,False,0.0
4.516996947882171e-29,False,0.0
0.0,False,0.0
8.759484160236752e-08,False,0.0
1.4241572365847333e-08,False,0.0
1.2922163471873017e-38,False,0.0
0.0,False,0.0
0.0,False,0.0
0.0,False,0.0
0.0,False,0.0
0.0,False,0.0
2.9724946144117065e-37,False,0.0
4.316514947955308e-37,False,0.0
3.429133839215323e-37,False,0.0
0.0,False,0.0
0.0,False,0.0
3.4085745337364415e-10,False,0.0
4.5345883780898505e-37,False,0.0
6.462767497989091e-39,False,0.0
0.0,False,0.0
0.0,False,0.0
0.0,False,0.0
1.6238596929212061e-38,False,0.0
0.0,False,0.0
0.0,False,0.0
8.016315437377357e-36,False,0.0
1.1160536828175905e-29,False,0.0
0.0,False,0.0
0.0,False,0.0
0.0,False,0.0
0.0,False,0.0
0.0,False,0.0
0.0,False,0.0
0.0,False,0.0
0.0,False,0.0
2.007509957630913e-31,False,0.0
1.9080843990273336e-36,False,0.0
2.7917307446794246e-36,False,0.0
0.0,False,0.0
0.0,False,0.0
2.0543982540555948e-36,False,0.0
2.6130139829660948e-08,False,0.0
1.4695751282545189e-08,False,0.0
7.548065639184642e-08,False,0.0
1.8320113781555847e-07,False,0.0
2.5984071783113905e-08,False,0.0
1.7975743560327828e-07,False,0.0
3.821111960178314e-08,False,0.0
1.3201122328609927e-07,False,0.0
1.4064561071336357e-07,False,0.0
5.8558789817197976e-08,False,0.0
2.613018779129561e-08,False,0.0
1.2160245255188329e-08,False,0.0
1.46957788160762e-08,False,0.0
2.0339604134278488e-07,False,0.0
1.9237541892916977e-36,False,0.0
0.0,False,0.0
3.2388345482176564e-36,False,0.0
3.624493659114573e-25,False,0.0
2.0416915351391195e-24,False,0.0
3.692851907818434e-25,False,0.0
2.502382162268438e-24,False,0.0
3.694120001723577e-25,False,0.0
3.695064169619513e-25,False,0.0
1.5548198964644867e-24,False,0.0
1.916926794124202e-36,False,0.0
1.3238195511935265e-38,False,0.0
0.0,False,0.0
0.0,False,0.0
0.0,False,0.0
0.0,False,0.0
0.0,False,0.0
0.0,False,0.0
0.0,False,0.0
0.0,False,0.0
0.0,False,0.0
0.0,False,0.0
0.0,False,0.0
0.0,False,0.0
0.0,False,0.0
0.0,False,0.0
0.0,False,0.0
0.0,False,0.0
0.0,False,0.0
0.0,False,0.0
0.0,False,0.0
0.0,False,0.0
5.217482598189878e-39,False,0.0
3.055557645871393e-38,False,0.0
4.735228534289421e-39,False,0.0
5.7154382113830946e-39,False,0.0
4.353121067738865e-39,False,0.0
0.0,False,0.0
0.0,False,0.0
1.71788766065648e-38,False,0.0
0.0,False,0.0
0.0,False,0.0
0.0,False,0.0
0.0,False,0.0
3.9414019225595836e-37,False,0.0
4.0094610832059284e-37,False,0.0
0.0,False,0.0
0.0,False,0.0
0.0,False,0.0
0.0,False,0.0
0.0,False,0.0
4.3668930290462496e-39,False,0.0
0.0,False,0.0
0.0,False,0.0
0.0,False,0.0
0.0,False,0.0
0.0,False,0.0
9.302130294447216e-38,False,0.0
0.0,False,0.0
0.0,False,0.0
0.0,False,0.0
5.765453356171776e-39,False,0.0
0.0,False,0.0
4.033141569902615e-39,False,0.0
0.0,False,0.0
0.0,False,0.0
0.0,False,0.0
6.56980147729115e-39,False,0.0
6.918318418353375e-39,False,0.0
4.0093040817259855e-39,False,0.0
0.0,False,0.0
0.0,False,0.0
0.0,False,0.0
0.0,False,0.0
0.0,False,0.0
0.0,False,0.0
0.0,False,0.0
0.0,False,0.0
9.065319261767108e-38,False,0.0
3.530367171550278e-38,False,0.0
0.0,False,0.0
0.0,False,0.0
7.031403596787958e-37,False,0.0
0.0,False,0.0
0.0,False,0.0
5.3729272355389655e-39,False,0.0
0.0,False,0.0
0.0,False,0.0
0.0,False,0.0
0.0,False,0.0
0.0,False,0.0
0.0,False,0.0
0.0,False,0.0
0.0,False,0.0
0.0,False,0.0
3.6713250732712986e-37,False,0.0
5.564839264123642e-39,False,0.0
8.709921384725662e-38,False,0.0
0.0,False,0.0
3.1056789530317315e-37,False,0.0
0.0,False,0.0
0.0,False,0.0
0.0,False,0.0
0.0,False,0.0
1.242645974531197e-38,False,0.0
0.0,False,0.0
0.0,False,0.0
0.0,False,0.0
0.0,False,0.0
0.0,False,0.0
0.0,False,0.0
0.0,False,0.0
0.0,False,0.0
2.3395803104569674e-38,False,0.0
1.2241367836353163e-38,False,0.0
0.0,False,0.0
4.041154194521624e-37,False,0.0
1.1864288228692605e-38,False,0.0
0.0,False,0.0
0.0,False,0.0
4.686104839531804e-37,False,0.0
1.0214802337316087e-09,False,0.0
2.5294696892608215e-10,False,0.0
2.2585448788969842e-10,False,0.0
2.0502720354809156e-10,False,0.0
2.0502720354809156e-10,False,0.0
2.52275783596545e-10,False,0.0
4.115841001350873e-10,False,0.0
4.115841001350873e-10,False,0.0
3.0812352669329357e-10,False,0.0
2.117009484381427e-10,False,0.0
3.235790246858272e-10,False,0.0
8.257601824546157e-10,False,0.0
7.17907844283161e-10,False,0.0
7.417584879654271e-10,False,0.0
7.398636703292993e-10,False,0.0
7.179092320619418e-10,False,0.0
7.417896297212678e-10,False,0.0
7.417852998514718e-10,False,0.0
7.416084968348002e-10,False,0.0
8.000428652898961e-10,False,0.0
8.250627403505462e-10,False,0.0
8.25056467590457e-10,False,0.0
8.250486405181334e-10,False,0.0
8.008627094824305e-10,False,0.0
7.41001870974145e-10,False,0.0
7.428826442890113e-10,False,0.0
8.000428652898961e-10,False,0.0
7.17907844283161e-10,False,0.0
7.416084968348002e-10,False,0.0
7.416212643995834e-10,False,0.0
7.410287938824922e-10,False,0.0
7.417881864313358e-10,False,0.0
8.257586281423812e-10,False,0.0
8.257775019337998e-10,False,0.0
2.6284130427711716e-09,False,0.0
9.668967848597276e-10,False,0.0
7.416636749191241e-10,False,0.0
7.179092320619418e-10,False,0.0
7.414925340398781e-10,False,0.0
8.246599514372122e-10,False,0.0
8.246898719477258e-10,False,0.0
8.011545316044533e-10,False,0.0
7.415519309716956e-10,False,0.0
8.000428652898961e-10,False,0.0
8.243721816292293e-10,False,0.0
7.417118030872416e-10,False,0.0
7.179106198407226e-10,False,0.0
7.409793334467452e-10,False,0.0
7.415575931091212e-10,False,0.0
7.417103042861584e-10,False,0.0
7.410104196914347e-10,False,0.0
7.179092320619418e-10,False,0.0
7.409666213931132e-10,False,0.0
3.56280138724685e-09,False,0.0
7.416622871403433e-10,False,0.0
0.0,False,0.0
0.0,False,0.0
0.0,False,0.0
0.0,False,0.0
0.0,False,0.0
0.0,False,0.0
0.0,False,0.0
0.0,False,0.0
0.0,False,0.0
0.0,False,0.0
0.0,False,0.0
0.0,False,0.0
0.0,False,0.0
1.3098401895845458e-30,False,0.0
0.0,False,0.0
0.0,False,0.0
0.0,False,0.0
0.0,False,0.0
0.0,False,0.0
0.0,False,0.0
0.0,False,0.0
0.0,False,0.0
0.0,False,0.0
0.0,False,0.0
0.0,False,0.0
0.0,False,0.0
0.0,False,0.0
0.0,False,0.0
0.0,False,0.0
3.058732145946981e-29,False,0.0
6.0163873506724045e-30,False,0.0
3.058732145946981e-29,False,0.0
1.9140618524947802e-29,False,0.0
7.936982995735157e-30,False,0.0
7.936256258107704e-30,False,0.0
3.209267645225148e-29,False,0.0
7.957172910546688e-30,False,0.0
1.9140618524947802e-29,False,0.0
2.4491100362941533e-31,False,0.0
2.0981640537544635e-29,False,0.0
6.229998936420215e-30,False,0.0
6.1788290090520844e-30,False,0.0
1.9204393889496863e-29,False,0.0
5.43757491033881e-29,False,0.0
3.070774022924262e-29,False,0.0
3.0707270783818675e-29,False,0.0
3.070703907037224e-29,False,0.0
3.070680434766027e-29,False,0.0
3.0802300380246495e-29,False,0.0
2.652163049664234e-31,False,0.0
2.6522641421784047e-31,False,0.0
2.65214306626027e-31,False,0.0
2.1014161670214936e-29,False,0.0
2.0757140300605383e-29,False,0.0
2.0757140300605383e-29,False,0.0
2.0751756724557713e-29,False,0.0
2.075508346761009e-29,False,0.0
2.075587490444661e-29,False,0.0
2.075539793585882e-29,False,0.0
2.0727232715054926e-29,False,0.0
3.934267722755817e-29,False,0.0
2.0729130056976702e-29,False,0.0
3.0738681497505416e-29,False,0.0
3.93915938733151e-31,False,0.0
3.0485280274338203e-29,False,0.0
3.0587089746023373e-29,False,0.0
3.074337294247932e-29,False,0.0
7.1475262559376e-30,False,0.0
1.057923756841744e-31,False,0.0
3.6029951334059526e-29,False,0.0
3.5953615295154415e-29,False,0.0
2.4974170048530597e-29,False,0.0
1.9081567707293567e-29,False,0.0
1.9015588055737844e-29,False,0.0
3.5952516913233007e-29,False,0.0
3.5951966217639534e-29,False,0.0
3.595416298148235e-29,False,0.0
3.5831210410126454e-29,False,0.0
1.9080985414411943e-29,False,0.0
0.0,False,0.0
0.0,False,0.0
0.0,False,0.0
0.0,False,0.0
0.0,False,0.0
0.0,False,0.0
0.0,False,0.0
0.0,False,0.0
0.0,False,0.0
0.0,False,0.0
0.0,False,0.0
0.0,False,0.0
0.0,False,0.0
0.0,False,0.0
0.0,False,0.0
0.0,False,0.0
0.0,False,0.0
0.0,False,0.0
0.0,False,0.0
0.0,False,0.0
3.421510873516023e-25,False,0.0
1.6132066844813696e-26,False,0.0
3.269651697994518e-25,False,0.0
3.274407296657836e-25,False,0.0
3.3252740339026185e-25,False,0.0
2.1116106437515735e-24,False,0.0
3.3352338958690995e-25,False,0.0
2.0733451706067916e-24,False,0.0
3.2630107217677213e-25,False,0.0
1.6898716385172078e-26,False,0.0
4.414608606655853e-25,False,0.0
1.6884541540781388e-26,False,0.0
1.6593438000059235e-26,False,0.0
3.381635926909364e-25,False,0.0
1.6028522688027616e-26,False,0.0
1.2222370262918265e-24,False,0.0
5.023572453864973e-34,False,0.0
0.0,False,0.0
7.90052809587766e-36,False,0.0
5.029363141075215e-34,False,0.0
4.696811656630263e-35,False,0.0
0.0,False,0.0
5.041041401944146e-34,False,0.0
1.672472584568945e-34,False,0.0
1.8058922265366063e-34,False,0.0
0.0,False,0.0
4.8303854674371e-34,False,0.0
1.941286676054775e-34,False,0.0
1.9388293877663277e-34,False,0.0
1.600578936812921e-34,False,0.0
0.0,False,0.0
0.0,False,0.0
4.8300534821184885e-34,False,0.0
2.536516607692872e-34,False,0.0
3.568553395482208e-36,False,0.0
4.833924348281548e-34,False,0.0
4.819746784384677e-34,False,0.0
5.757357812798997e-34,False,0.0
1.4787695974470337e-34,False,0.0
4.2407744906314295e-34,False,0.0
1.4679896025248981e-34,False,0.0
4.829758690175821e-34,False,0.0
1.4782620915363906e-34,False,0.0
0.0,False,0.0
0.0,False,0.0
0.0,False,0.0
0.0,False,0.0
0.0,False,0.0
0.0,False,0.0
0.0,False,0.0
0.0,False,0.0
0.0,False,0.0
0.0,False,0.0
0.0,False,0.0
0.0,False,0.0
0.0,False,0.0
0.0,False,0.0
0.0,False,0.0
0.0,False,0.0
0.0,False,0.0
0.0,False,0.0
0.0,False,0.0
0.0,False,0.0
0.0,False,0.0
0.0,False,0.0
0.0,False,0.0
0.0,False,0.0
0.0,False,0.0
0.0,False,0.0
9.46493217135469e-10,False,0.0
0.0,False,0.0
0.0,False,0.0
0.0,False,0.0
0.0,False,0.0
0.0,False,0.0
0.0,False,0.0
0.0,False,0.0
0.0,False,0.0
0.0,False,0.0
0.0,False,0.0
2.7823103423398184e-29,False,0.0
2.084555890175785e-27,False,0.0
9.324310862623083e-28,False,0.0
1.118151399694486e-27,False,0.0
0.0,False,0.0
9.216242118618654e-28,False,0.0
9.190963325133599e-28,False,0.0
9.261847176736771e-28,False,0.0
9.164495269907885e-28,False,0.0
0.0,False,0.0
2.0549013838570826e-27,False,0.0
2.7245017494997127e-29,False,0.0
8.246253679899951e-10,False,0.0
8.008611551701961e-10,False,0.0
8.000428652898961e-10,False,0.0
1.1900956565710774e-12,False,0.0
8.246127669586656e-10,False,0.0
4.12248818415506e-10,False,0.0
4.216741678053637e-10,False,0.0
8.011545316044533e-10,False,0.0
3.102127998921844e-10,False,0.0
1.304491181741696e-09,False,0.0
3.2702893726366256e-09,False,0.0
7.448505701113106e-10,False,0.0
7.45214334685329e-10,False,0.0
3.2569620334044203e-09,False,0.0
7.428599402281577e-10,False,0.0
3.569664563940478e-09,False,0.0
2.6251667506471676e-09,False,0.0
7.428713200141601e-10,False,0.0
7.44769523830513e-10,False,0.0
8.251666017144998e-10,False,0.0
7.45212891395397e-10,False,0.0
7.452186090439739e-10,False,0.0
7.452285455400443e-10,False,0.0
8.246316407500842e-10,False,0.0
7.410062008439411e-10,False,0.0
7.410216884551346e-10,False,0.0
7.17907844283161e-10,False,0.0
8.251713201623545e-10,False,0.0
7.448462957526658e-10,False,0.0
7.452186090439739e-10,False,0.0
7.17907844283161e-10,False,0.0
7.448562322487362e-10,False,0.0
7.428713200141601e-10,False,0.0
7.179092320619418e-10,False,0.0
7.44859063317449e-10,False,0.0
7.428784254415177e-10,False,0.0
8.251855310170697e-10,False,0.0
7.452171657540418e-10,False,0.0
1.1930908483392955e-09,False,0.0
2.5777815437777463e-09,False,0.0
2.2395543752828928e-10,False,0.0
9.463234640350038e-10,False,0.0
7.420457026618976e-10,False,0.0
1.1806946479536728e-12,False,0.0
9.67972479948287e-10,False,0.0
0.0,False,0.0
0.0,False,0.0
0.0,False,0.0
0.0,False,0.0
0.0,False,0.0
0.0,False,0.0
0.0,False,0.0
0.0,False,0.0
0.0,False,0.0
0.0,False,0.0
0.0,False,0.0
0.0,False,0.0
0.0,False,0.0
0.0,False,0.0
0.0,False,0.0
0.0,False,0.0
6.257248300796435e-37,False,0.0
0.0,False,0.0
0.0,False,0.0
0.0,False,0.0
0.0,False,0.0
0.0,False,0.0
0.0,False,0.0
0.0,False,0.0
0.0,False,0.0
0.0,False,0.0
0.0,False,0.0
0.0,False,0.0
0.0,False,0.0
0.0,False,0.0
0.0,False,0.0
0.0,False,0.0
0.0,False,0.0
0.0,False,0.0
0.0,False,0.0
0.0,False,0.0
0.0,False,0.0
0.0,False,0.0
0.0,False,0.0
0.0,False,0.0
1.972216902076288e-28,False,0.0
0.0,False,0.0
0.0,False,0.0
0.0,False,0.0
0.0,False,0.0
0.0,False,0.0
0.0,False,0.0
0.0,False,0.0
0.0,False,0.0
0.0,False,0.0
0.0,False,0.0
0.0,False,0.0
0.0,False,0.0
0.0,False,0.0
0.0,False,0.0
0.0,False,0.0
0.0,False,0.0
0.0,False,0.0
0.0,False,0.0
0.0,False,0.0
0.0,False,0.0
0.0,False,0.0
0.0,False,0.0
0.0,False,0.0
0.0,False,0.0
0.0,False,0.0
0.0,False,0.0
0.0,False,0.0
0.0,False,0.0
0.0,False,0.0
0.0,False,0.0
0.0,False,0.0
0.0,False,0.0
0.0,False,0.0
0.0,False,0.0
0.0,False,0.0
2.6222879764508107e-36,False,0.0
0.0,False,0.0
0.0,False,0.0
0.0,False,0.0
0.0,False,0.0
0.0,False,0.0
0.0,False,0.0
0.0,False,0.0
0.0,False,0.0
0.0,False,0.0
0.0,False,0.0
0.0,False,0.0
0.0,False,0.0
0.0,False,0.0
0.0,False,0.0
0.0,False,0.0
0.0,False,0.0
0.0,False,0.0
0.0,False,0.0
0.0,False,0.0
0.0,False,0.0
0.0,False,0.0
0.0,False,0.0
0.0,False,0.0
0.0,False,0.0
0.0,False,0.0
0.0,False,0.0
0.0,False,0.0
0.0,False,0.0
0.0,False,0.0
0.0,False,0.0
0.0,False,0.0
3.3045484392511666e-25,False,0.0
1.68755266478977e-26,False,0.0
1.6718749232780933e-24,False,0.0
1.6680526949770712e-24,False,0.0
1.554260902231476e-26,False,0.0
2.2440687652223235e-26,False,0.0
3.313990857767629e-25,False,0.0
3.2923432819332003e-25,False,0.0
1.6490642644835533e-26,False,0.0
4.826171145975497e-25,False,0.0
1.8032098115903976e-24,False,0.0
4.797774125539803e-25,False,0.0
9.30776489032206e-25,False,0.0
9.323507595761877e-25,False,0.0
9.30875885506264e-25,False,0.0
9.33909844547744e-25,False,0.0
9.351647250327242e-25,False,0.0
3.1344535113103134e-25,False,0.0
3.102749438048514e-25,False,0.0
8.964071998983107e-25,False,0.0
4.640026596398889e-25,False,0.0
1.660713133114895e-24,False,0.0
3.6310116223439616e-25,False,0.0
4.867104152271283e-25,False,0.0
9.060020164809007e-25,False,0.0
1.75327171154248e-26,False,0.0
3.0884017838157738e-25,False,0.0
4.187934848959319e-25,False,0.0
4.18817446545928e-25,False,0.0
4.190395601945543e-25,False,0.0
4.180130056378289e-25,False,0.0
4.182554324547646e-25,False,0.0
4.180672398250628e-25,False,0.0
4.818481724301855e-25,False,0.0
4.818279578694892e-25,False,0.0
4.818941235779146e-25,False,0.0
4.81872084776375e-25,False,0.0
4.822159295234382e-25,False,0.0
4.820099382195624e-25,False,0.0
1.2193684322176034e-24,False,0.0
4.8431937782340345e-25,False,0.0
2.2741814656822353e-24,False,0.0
1.2234498999336038e-24,False,0.0
1.2141003204849243e-24,False,0.0
1.5178177840594162e-24,False,0.0
4.813447805650413e-25,False,0.0
3.28236123325376e-25,False,0.0
1.7999178950329103e-24,False,0.0
4.743904786474523e-25,False,0.0
3.3611361436920315e-25,False,0.0
8.1172308033044825e-25,False,0.0
8.790825325206863e-25,False,0.0
1.692349000723272e-26,False,0.0
1.6233678908679566e-26,False,0.0
3.321432527813225e-25,False,0.0
3.288339073282105e-25,False,0.0
3.1272635371972896e-25,False,0.0
1.5352936169080036e-24,False,0.0
1.280478133886228e-24,False,0.0
0.0,False,0.0
0.0,False,0.0
0.0,False,0.0
0.0,False,0.0
0.0,False,0.0
0.0,False,0.0
0.0,False,0.0
1.4660950675704498e-08,False,0.0
0.0,False,0.0
0.0,False,0.0
0.0,False,0.0
0.0,False,0.0
0.0,False,0.0
0.0,False,0.0
0.0,False,0.0
0.0,False,0.0
0.0,False,0.0
0.0,False,0.0
0.0,False,0.0
0.0,False,0.0
0.0,False,0.0
0.0,False,0.0
0.0,False,0.0
0.0,False,0.0
0.0,False,0.0
0.0,False,0.0
0.0,False,0.0
0.0,False,0.0
0.0,False,0.0
0.0,False,0.0
0.0,False,0.0
0.0,False,0.0
0.0,False,0.0
0.0,False,0.0
0.0,False,0.0
0.0,False,0.0
0.0,False,0.0
0.0,False,0.0
0.0,False,0.0
0.0,False,0.0
0.0,False,0.0
0.0,False,0.0
0.0,False,0.0
0.0,False,0.0
0.0,False,0.0
0.0,False,0.0
0.0,False,0.0
0.0,False,0.0
0.0,False,0.0
0.0,False,0.0
0.0,False,0.0
0.0,False,0.0
0.0,False,0.0
0.0,False,0.0
0.0,False,0.0
0.0,False,0.0
0.0,False,0.0
0.0,False,0.0
9.480273729423061e-05,False,0.0
0.0,False,0.0
5.190997159163432e-32,False,0.0
9.153112577307478e-34,False,0.0
2.9468589562796335e-34,False,0.0
3.13769454074613e-33,False,0.0
0.0,False,0.0
0.0,False,0.0
0.0,False,0.0
0.0,False,0.0
0.0,False,0.0
0.0,False,0.0
0.0,False,0.0
0.0,False,0.0
0.0,False,0.0
0.0,False,0.0
0.0,False,0.0
0.0,False,0.0
0.0,False,0.0
0.0,False,0.0
0.0,False,0.0
0.0,False,0.0
0.0,False,0.0
0.0,False,0.0
0.0,False,0.0
0.0,False,0.0
0.0,False,0.0
0.0,False,0.0
0.0,False,0.0
0.0,False,0.0
0.0,False,0.0
0.0,False,0.0
0.0,False,0.0
0.0,False,0.0
0.0,False,0.0
0.0,False,0.0
0.0,False,0.0
0.0,False,0.0
0.0,False,0.0
0.0,False,0.0
0.0,False,0.0
0.0,False,0.0
0.0,False,0.0
0.0,False,0.0
0.0,False,0.0
0.0,False,0.0
0.0,False,0.0
0.0,False,0.0
0.0,False,0.0
0.0,False,0.0
0.0,False,0.0
0.0,False,0.0
0.0,False,0.0
0.0,False,0.0
2.6795922946977275e-37,False,0.0
1.1583932406752989e-37,False,0.0
1.169350609939179e-37,False,0.0
2.5028430441722467e-37,False,0.0
1.1003318401044644e-37,False,0.0
1.1047311325553043e-37,False,0.0
1.947239189247417e-37,False,0.0
5.3518573118293776e-39,False,0.0
2.1319608191000117e-37,False,0.0
7.291639743532614e-38,False,0.0
4.778560886701737e-39,False,0.0
0.0,False,0.0
0.0,False,0.0
0.0,False,0.0
0.0,False,0.0
0.0,False,0.0
0.0,False,0.0
4.506819687201404e-39,False,0.0
0.0,False,0.0
3.4377795055107185e-10,False,0.0
0.0,False,0.0
0.0,False,0.0
0.0,False,0.0
0.0,False,0.0
0.0,False,0.0
0.0,False,0.0
0.0,False,0.0
0.0,False,0.0
0.0,False,0.0
0.0,False,0.0
0.0,False,0.0
0.0,False,0.0
0.0,False,0.0
0.0,False,0.0
0.0,False,0.0
0.0,False,0.0
0.0,False,0.0
0.0,False,0.0
0.0,False,0.0
0.0,False,0.0
0.0,False,0.0
4.49065755912939e-37,False,0.0
0.0,False,0.0
0.0,False,0.0
0.0,False,0.0
0.0,False,0.0
0.0,False,0.0
1.5820310395042725e-08,False,0.0
0.0,False,0.0
0.0,False,0.0
0.0,False,0.0
0.0,False,0.0
0.0,False,0.0
0.0,False,0.0
0.0,False,0.0
0.0,False,0.0
0.0,False,0.0
0.0,False,0.0
0.0,False,0.0
1.0906783510356693e-37,False,0.0
0.0,False,0.0
0.0,False,0.0
0.0,False,0.0
0.0,False,0.0
0.0,False,0.0
0.0,False,0.0
0.0,False,0.0
0.0,False,0.0
0.0,False,0.0
0.0,False,0.0
0.0,False,0.0
0.0,False,0.0
0.0,False,0.0
0.0,False,0.0
0.0,False,0.0
0.0,False,0.0
0.0,False,0.0
0.0,False,0.0
0.0,False,0.0
0.0,False,0.0
0.0,False,0.0
0.0,False,0.0
0.0,False,0.0
0.0,False,0.0
0.0,False,0.0
0.0,False,0.0
0.0,False,0.0
0.0,False,0.0
0.0,False,0.0
0.0,False,0.0
0.0,False,0.0
0.0,False,0.0
0.0,False,0.0
0.0,False,0.0
0.0,False,0.0
0.0,False,0.0
0.0,False,0.0
0.0,False,0.0
0.0,False,0.0
0.0,False,0.0
0.0,False,0.0
0.0,False,0.0
0.0,False,0.0
0.0,False,0.0
0.0,False,0.0
0.0,False,0.0
0.0,False,0.0
0.0,False,0.0
0.0,False,0.0
0.0,False,0.0
0.0,False,0.0
0.0,False,0.0
0.0,False,0.0
0.0,False,0.0
0.0,False,0.0
0.0,False,0.0
0.0,False,0.0
0.0,False,0.0
0.0,False,0.0
6.92973442419917e-30,False,0.0
7.6386308685925e-30,False,0.0
1.1464831502439935e-31,False,0.0
1.1110072949734652e-29,False,0.0
1.116896954253006e-29,False,0.0
1.127013437311324e-31,False,0.0
1.1836709719771723e-31,False,0.0
3.0925556135105355e-30,False,0.0
1.2156113869282804e-31,False,0.0
1.2012107582846618e-31,False,0.0
2.784761539583882e-30,False,0.0
7.229848476314387e-30,False,0.0
7.813931118616503e-30,False,0.0
1.1117025857760444e-29,False,0.0
1.0988765694311715e-29,False,0.0
1.1101684622047184e-29,False,0.0
1.2300532754236128e-31,False,0.0
1.1178858741404657e-29,False,0.0
1.159855926627253e-31,False,0.0
1.2427132179266016e-29,False,0.0
1.2343506194594845e-29,False,0.0
1.149041402109575e-29,False,0.0
1.0149309255282158e-29,False,0.0
2.708675833955722e-30,False,0.0
1.1512162782475794e-31,False,0.0
1.1727224175936135e-31,False,0.0
1.0951772793051789e-29,False,0.0
1.2016690835320474e-31,False,0.0
1.1392895950147014e-31,False,0.0
1.2251174921939451e-31,False,0.0
9.79652929466818e-30,False,0.0
4.02269664568908e-30,False,0.0
1.1478409308547865e-29,False,0.0
0.0,False,0.0
0.0,False,0.0
0.0,False,0.0
0.0,False,0.0
0.0,False,0.0
0.0,False,0.0
0.0,False,0.0
0.0,False,0.0
0.0,False,0.0
0.0,False,0.0
8.635523962574609e-10,False,0.0
6.901919591406624e-10,False,0.0
2.2484612782758262e-10,False,0.0
2.6398785379910805e-09,False,0.0
6.21224016672528e-10,False,0.0
1.0578549147766125e-09,False,0.0
1.4187828689671278e-09,False,0.0
2.6284130427711716e-09,False,0.0
9.434993897272648e-10,False,0.0
1.4156256167296988e-09,False,0.0
1.003892080575497e-09,False,0.0
1.0001117711766483e-09,False,0.0
6.212465541999279e-10,False,0.0
8.008627094824305e-10,False,0.0
7.17907844283161e-10,False,0.0
6.697178922543401e-10,False,0.0
0.0,False,0.0
0.0,False,0.0
0.0,False,0.0
0.0,False,0.0
0.0,False,0.0
0.0,False,0.0
0.0,False,0.0
0.0,False,0.0
0.0,False,0.0
0.0,False,0.0
0.0,False,0.0
0.0,False,0.0
0.0,False,0.0
0.0,False,0.0
0.0,False,0.0
0.0,False,0.0
0.0,False,0.0
0.0,False,0.0
0.0,False,0.0
0.0,False,0.0
0.0,False,0.0
0.0,False,0.0
0.0,False,0.0
0.0,False,0.0
0.0,False,0.0
0.0,False,0.0
0.0,False,0.0
0.0,False,0.0
0.0,False,0.0
0.0,False,0.0
0.0,False,0.0
3.2878423724078548e-37,False,0.0
3.294622414897644e-37,False,0.0
0.0,False,0.0
0.0,False,0.0
0.0,False,0.0
0.0,False,0.0
0.0,False,0.0
0.0,False,0.0
0.0,False,0.0
0.0,False,0.0
0.0,False,0.0
0.0,False,0.0
0.0,False,0.0
0.0,False,0.0
0.0,False,0.0
0.0,False,0.0
0.0,False,0.0
0.0,False,0.0
0.0,False,0.0
0.0,False,0.0
0.0,False,0.0
0.0,False,0.0
0.0,False,0.0
0.0,False,0.0
0.0,False,0.0
1.80017989388288e-38,False,0.0
1.5686360618704759e-38,False,0.0
5.5503372263163447e-39,False,0.0
5.579377735691012e-39,False,0.0
3.329326243989911e-38,False,0.0
1.2793222713418477e-37,False,0.0
0.0,False,0.0
0.0,False,0.0
0.0,False,0.0
0.0,False,0.0
0.0,False,0.0
0.0,False,0.0
0.0,False,0.0
0.0,False,0.0
0.0,False,0.0
0.0,False,0.0
0.0,False,0.0
0.0,False,0.0
8.567824115249268e-38,False,0.0
0.0,False,0.0
0.0,False,0.0
0.0,False,0.0
0.0,False,0.0
4.037271364632796e-37,False,0.0
0.0,False,0.0
0.0,False,0.0
0.0,False,0.0
0.0,False,0.0
0.0,False,0.0
3.3083753185459134e-37,False,0.0
4.391085101786292e-37,False,0.0
5.010488394233673e-39,False,0.0
2.742362618628079e-37,False,0.0
5.0212797937074386e-39,False,0.0
0.0,False,0.0
2.5447139021493552e-28,False,0.0
0.0,False,0.0
2.0395245665881005e-27,False,0.0
2.835011092103133e-37,False,0.0
0.0,False,0.0
2.0239538081737186e-27,False,0.0
2.0387699872358896e-27,False,0.0
2.0369043388987616e-27,False,0.0
2.0422260685210925e-27,False,0.0
2.655264929110856e-28,False,0.0
2.44157650176753e-28,False,0.0
5.690057705663793e-29,False,0.0
0.0,False,0.0
0.0,False,0.0
0.0,False,0.0
0.0,False,0.0
0.0,False,0.0
0.0,False,0.0
1.4104939481573896e-24,False,0.0
3.4778054668267917e-25,False,0.0
3.9875363223824664e-25,False,0.0
7.126883384406899e-24,False,0.0
1.5050240378985418e-24,False,0.0
3.5902289926582326e-25,False,0.0
8.62592677196012e-25,False,0.0
8.351291750340346e-25,False,0.0
8.351291750340346e-25,False,0.0
3.4005224895755193e-25,False,0.0
1.9696647874031414e-24,False,0.0
1.4862251867042856e-24,False,0.0
1.4224950863237431e-24,False,0.0
3.446518010730562e-25,False,0.0
2.240262511354632e-26,False,0.0
4.044541137026967e-25,False,0.0
1.3773363493739137e-24,False,0.0
1.680466937412776e-26,False,0.0
1.583507920292545e-26,False,0.0
1.634259872112642e-26,False,0.0
1.691232423578714e-26,False,0.0
1.5923334557441007e-26,False,0.0
8.123797577302382e-25,False,0.0
1.3415815246676108e-24,False,0.0
1.2132113728523534e-24,False,0.0
1.3300804257075542e-24,False,0.0
3.1762076725046287e-25,False,0.0
0.0,False,0.0
0.0,False,0.0
0.0,False,0.0
0.0,False,0.0
0.0,False,0.0
0.0,False,0.0
0.0,False,0.0
0.0,False,0.0
0.0,False,0.0
0.0,False,0.0
0.0,False,0.0
0.0,False,0.0
0.0,False,0.0
0.0,False,0.0
0.0,False,0.0
0.0,False,0.0
0.0,False,0.0
0.0,False,0.0
0.0,False,0.0
0.0,False,0.0
0.0,False,0.0
1.102424146867517e-37,False,0.0
5.1747127269811416e-37,False,0.0
0.0,False,0.0
0.0,False,0.0
4.347847981617611e-37,False,0.0
6.069129923466317e-37,False,0.0
0.0,False,0.0
0.0,False,0.0
1.3103945484260748e-08,False,0.0
0.0,False,0.0
0.0,False,0.0
0.0,False,0.0
0.0,False,0.0
0.0,False,0.0
2.4840288746785903e-37,False,0.0
0.0,False,0.0
0.0,False,0.0
5.532459964975936e-37,False,0.0
0.0,False,0.0
0.0,False,0.0
0.0,False,0.0
0.0,False,0.0
0.0,False,0.0
0.0,False,0.0
0.0,False,0.0
0.0,False,0.0
0.0,False,0.0
0.0,False,0.0
0.0,False,0.0
0.0,False,0.0
0.0,False,0.0
0.0,False,0.0
0.0,False,0.0
0.0,False,0.0
0.0,False,0.0
0.0,False,0.0
0.0,False,0.0
0.0,False,0.0
0.0,False,0.0
0.0,False,0.0
0.0,False,0.0
0.0,False,0.0
0.0,False,0.0
0.0,False,0.0
0.0,False,0.0
0.0,False,0.0
0.0,False,0.0
0.0,False,0.0
0.0,False,0.0
0.0,False,0.0
0.0,False,0.0
0.0,False,0.0
0.0,False,0.0
0.0,False,0.0
0.0,False,0.0
0.0,False,0.0
0.0,False,0.0
0.0035740938037633896,False,0.0
0.0,False,0.0
0.0,False,0.0
0.0,False,0.0
0.0,False,0.0
0.0,False,0.0
0.0,False,0.0
0.0,False,0.0
0.0,False,0.0
0.0,False,0.0
3.2072117150095147e-29,False,0.0
2.0999255273371933e-29,False,0.0
5.971688848843969e-29,False,0.0
5.97164310800779e-29,False,0.0
5.455026844900496e-29,False,0.0
5.474497394785144e-29,False,0.0
5.455359669669011e-29,False,0.0
5.347476898274837e-29,False,0.0
5.971825469499399e-29,False,0.0
3.0842982641056137e-29,False,0.0
5.971552228188539e-29,False,0.0
5.97164310800779e-29,False,0.0
3.083969050455745e-29,False,0.0
5.971415005680001e-29,False,0.0
0.0,False,0.0
0.0,False,0.0
0.0,False,0.0
0.0,False,0.0
0.0,False,0.0
0.0,False,0.0
0.0,False,0.0
0.0,False,0.0
0.0,False,0.0
0.0,False,0.0
0.0,False,0.0
1.6543228151777647e-29,False,0.0
0.0,False,0.0
0.0,False,0.0
8.656013505969895e-08,False,0.0
0.0,False,0.0
0.0,False,0.0
0.0,False,0.0
0.0,False,0.0
0.0,False,0.0
0.0,False,0.0
3.102333667737156e-11,False,0.0
4.61037388821417e-11,False,0.0
0.0,False,0.0
0.0,False,0.0
0.0,False,0.0
0.0,False,0.0
0.0,False,0.0
0.0,False,0.0
0.0,False,0.0
0.0,False,0.0
0.0,False,0.0
0.0,False,0.0
0.0,False,0.0
0.0,False,0.0
0.0,False,0.0
0.0,False,0.0
0.0,False,0.0
0.0,False,0.0
1.3055273306861181e-08,False,0.0
0.0,False,0.0
0.0,False,0.0
0.0,False,0.0
0.0,False,0.0
0.0,False,0.0
1.2401454975514559e-38,False,0.0
3.467245024847631e-34,False,0.0
4.233371631286134e-34,False,0.0
4.228852406520199e-34,False,0.0
2.0467810951450848e-34,False,0.0
1.7931926401560283e-34,False,0.0
1.2130663185991853e-34,False,0.0
2.548173975986427e-34,False,0.0
0.0,False,0.0
0.0,False,0.0
0.0,False,0.0
0.0,False,0.0
0.0,False,0.0
0.0,False,0.0
0.0,False,0.0
0.0,False,0.0
0.0,False,0.0
0.0,False,0.0
0.0,False,0.0
0.0,False,0.0
0.0,False,0.0
0.0,False,0.0
0.0,False,0.0
0.0,False,0.0
0.0,False,0.0
0.0,False,0.0
0.0,False,0.0
0.0,False,0.0
0.0,False,0.0
0.0,False,0.0
0.0,False,0.0
0.0,False,0.0
0.0,False,0.0
0.0,False,0.0
0.0,False,0.0
0.0,False,0.0
0.0,False,0.0
0.0,False,0.0
0.0,False,0.0
2.9068064507669992e-37,False,0.0
0.0,False,0.0
0.0,False,0.0
0.0,False,0.0
0.0,False,0.0
0.0,False,0.0
0.0,False,0.0
0.0,False,0.0
0.0,False,0.0
0.0,False,0.0
0.0,False,0.0
1.4322778518760515e-08,False,0.0
1.4439463846827039e-08,False,0.0
4.541752574027669e-08,False,0.0
1.4563099171027716e-08,False,0.0
1.4510915136156655e-08,False,0.0
6.923932005520328e-08,False,0.0
4.485818294597266e-08,False,0.0
6.995348655891576e-08,False,0.0
1.4334365694423923e-08,False,0.0
6.879661640368795e-08,False,0.0
0.0,False,0.0
0.0,False,0.0
0.0,False,0.0
0.0,False,0.0
2.6797140981797106e-30,False,0.0
1.1538542051202597e-31,False,0.0
7.109456037615033e-30,False,0.0
1.2016690835320474e-31,False,0.0
1.5210598982352128e-29,False,0.0
1.1988120445123738e-31,False,0.0
2.009810663386207e-29,False,0.0
1.1600153236612245e-31,False,0.0
8.076500821561937e-30,False,0.0
1.1871527862443079e-31,False,0.0
1.1871256323248039e-31,False,0.0
1.1542945453040777e-31,False,0.0
1.1538278740468013e-31,False,0.0
1.1256569262344298e-29,False,0.0
7.302191219850432e-30,False,0.0
0.0,False,0.0
0.0,False,0.0
0.0,False,0.0
0.0,False,0.0
0.0,False,0.0
0.0,False,0.0
0.0,False,0.0
0.0,False,0.0
0.0,False,0.0
0.0,False,0.0
0.0,False,0.0
6.700948129712003e-10,False,0.0
8.272972862322092e-10,False,0.0
0.0,False,0.0
0.0,False,0.0
0.0,False,0.0
0.0,False,0.0
0.0,False,0.0
0.0,False,0.0
0.0,False,0.0
0.0,False,0.0
0.0,False,0.0
0.0,False,0.0
0.0,False,0.0
0.0,False,0.0
0.0,False,0.0
0.0,False,0.0
0.0,False,0.0
0.0,False,0.0
0.0,False,0.0
0.0,False,0.0
0.0,False,0.0
0.0,False,0.0
0.0,False,0.0
0.0,False,0.0
0.0,False,0.0
0.0,False,0.0
0.0,False,0.0
0.0,False,0.0
0.0,False,0.0
0.0,False,0.0
0.0,False,0.0
0.0,False,0.0
0.0,False,0.0
0.0,False,0.0
0.0,False,0.0
0.0,False,0.0
0.0,False,0.0
0.0,False,0.0
0.0,False,0.0
0.0,False,0.0
0.0,False,0.0
0.0,False,0.0
0.0,False,0.0
0.0,False,0.0
0.0,False,0.0
0.0,False,0.0
0.0,False,0.0
0.0,False,0.0
0.0,False,0.0
0.0,False,0.0
0.0,False,0.0
0.0,False,0.0
0.0,False,0.0
0.0,False,0.0
0.0,False,0.0
0.0,False,0.0
0.0,False,0.0
8.466849656859834e-29,False,0.0
0.0,False,0.0
0.0,False,0.0
0.0,False,0.0
0.0,False,0.0
5.971552228188539e-29,False,0.0
3.4384481928558144e-29,False,0.0
3.061487128547116e-29,False,0.0
3.216155553115317e-29,False,0.0
3.5830936566962486e-29,False,0.0
0.0,False,0.0
0.0,False,0.0
0.0,False,0.0
0.0,False,0.0
0.0,False,0.0
0.0,False,0.0
